method,bits_per_key,incoming_attempts_per_second,backend_invocations_per_second,worker_utilization,p50_wait_ms,p95_wait_ms,p99_wait_ms,fraction_wait_gt_1s,valid_drop_rate_for_rate_limit_baselines,raw_invalid_forward_rate
Global Bloom,16.0,25.0,2.0105486856816195,0.030678459757644414,0.0,0.0,0.0,2.5773545815946328e-28,0.0,0.0004586385078964976
TRAPS learned,16.0,25.0,2.007156122329628,0.030626693481597213,0.0,0.0,0.0,2.5686255581507504e-28,0.0,0.0003111357534620842
TRAPS+ReplayCache,16.0,25.0,2.003578061164814,0.03057209674079861,0.0,0.0,0.0,2.5594512816432587e-28,0.0,0.0001555678767310421
Peppered tag,16.0,25.0,2.0003509521484375,0.030522855091094973,0.0,0.0,0.0,2.5512049663710543e-28,0.0,1.5258789062499998e-05
Adaptive tag,16.0,25.0,2.0002380824096826,0.030521132839968747,0.0,0.0,0.0,2.5509170287830103e-28,0.0,1.0351409116635597e-05
RateLimit+Tag,16.0,25.0,1.9999228332519534,0.030516322531883248,0.0,0.0,0.0,2.550112981082587e-28,0.0001,5.340576171874997e-06
Global Bloom,16.0,50.0,4.021097371363239,0.06135691951528883,0.0,0.0,0.0,1.924617236165083e-27,0.0,0.0004586385078964976
TRAPS learned,16.0,50.0,4.014312244659256,0.06125338696319443,0.0,0.0,0.0,1.911602667041583e-27,0.0,0.0003111357534620842
TRAPS+ReplayCache,16.0,50.0,4.007156122329628,0.06114419348159722,0.0,0.0,0.0,1.8979718346322947e-27,0.0,0.0001555678767310421
Peppered tag,16.0,50.0,4.000701904296875,0.06104571018218995,0.0,0.0,0.0,1.885761357519895e-27,0.0,1.5258789062499998e-05
Adaptive tag,16.0,50.0,4.000476164819365,0.061042265679937494,0.0,0.0,0.0,1.885335714780338e-27,0.0,1.0351409116635597e-05
RateLimit+Tag,16.0,50.0,3.999845666503907,0.061032645063766496,0.0,0.0,0.0,1.8841473884463356e-27,0.0001,5.340576171874997e-06
Global Bloom,16.0,75.0,6.031646057044858,0.09203537927293323,0.0,0.0,0.0,1.4371912705359813e-26,0.0,0.0004586385078964976
TRAPS learned,16.0,75.0,6.021468366988883,0.09188008044479162,0.0,0.0,0.0,1.42263816734397e-26,0.0,0.0003111357534620842
TRAPS+ReplayCache,16.0,75.0,6.010734183494442,0.09171629022239583,0.0,0.0,0.0,1.407448975838564e-26,0.0,0.0001555678767310421
Peppered tag,16.0,75.0,6.0010528564453125,0.09156856527328491,0.0,0.0,0.0,1.3938887484111575e-26,0.0,1.5258789062499998e-05
Adaptive tag,16.0,75.0,6.000714247229047,0.09156339851990623,0.0,0.0,0.0,1.3934168447344743e-26,0.0,1.0351409116635597e-05
RateLimit+Tag,16.0,75.0,5.99976849975586,0.09154896759564973,0.0,0.0,0.0,1.3920996472407478e-26,0.0001,5.340576171874997e-06
Global Bloom,16.0,100.0,8.042194742726478,0.12271383903057766,0.0,0.0,0.0,1.0732101476034269e-25,0.0,0.0004586385078964976
TRAPS learned,16.0,100.0,8.028624489318512,0.12250677392638885,0.0,0.0,0.0,1.0587447852413907e-25,0.0,0.0003111357534620842
TRAPS+ReplayCache,16.0,100.0,8.014312244659257,0.12228838696319444,0.0,0.0,0.0,1.0436996921889501e-25,0.0,0.0001555678767310421
Peppered tag,16.0,100.0,8.00140380859375,0.1220914203643799,0.0,0.0,0.0,1.0303137431464335e-25,0.0,1.5258789062499998e-05
Adaptive tag,16.0,100.0,8.00095232963873,0.12208453135987499,0.0,0.0,0.0,1.0298486831646304e-25,0.0,1.0351409116635597e-05
RateLimit+Tag,16.0,100.0,7.999691333007814,0.12206529012753299,0.0,0.0,0.0,1.0285508658883907e-25,0.0001,5.340576171874997e-06
Global Bloom,16.0,125.0,10.052743428408096,0.15339229878822205,0.0,0.0,0.0,8.014103929878591e-25,0.0,0.0004586385078964976
TRAPS learned,16.0,125.0,10.03578061164814,0.15313346740798606,0.0,0.0,0.0,7.879308639445589e-25,0.0,0.0003111357534620842
TRAPS+ReplayCache,16.0,125.0,10.017890305824071,0.15286048370399305,0.0,0.0,0.0,7.73959884994258e-25,0.0,0.0001555678767310421
Peppered tag,16.0,125.0,10.001754760742188,0.15261427545547487,0.0,0.0,0.0,7.615718331369219e-25,0.0,1.5258789062499998e-05
Adaptive tag,16.0,125.0,10.001190412048413,0.15260566419984373,0.0,0.0,0.0,7.611421623211636e-25,0.0,1.0351409116635597e-05
RateLimit+Tag,16.0,125.0,9.999614166259766,0.15258161265941622,0.0,0.0,0.0,7.599433602448115e-25,0.0001,5.340576171874997e-06
Global Bloom,16.0,150.0,12.063292114089716,0.18407075854586646,0.0,0.0,0.0,5.9844627766815664e-24,0.0,0.0004586385078964976
TRAPS learned,16.0,150.0,12.042936733977767,0.18376016088958325,0.0,0.0,0.0,5.863878198133225e-24,0.0,0.0003111357534620842
TRAPS+ReplayCache,16.0,150.0,12.021468366988884,0.18343258044479166,0.0,0.0,0.0,5.739331994282937e-24,0.0,0.0001555678767310421
Peppered tag,16.0,150.0,12.002105712890625,0.18313713054656983,0.0,0.0,0.0,5.629272256976002e-24,0.0,1.5258789062499998e-05
Adaptive tag,16.0,150.0,12.001428494458095,0.18312679703981247,0.0,0.0,0.0,5.625461300612453e-24,0.0,1.0351409116635597e-05
RateLimit+Tag,16.0,150.0,11.99953699951172,0.18309793519129947,0.0,0.0,0.0,5.614830825905329e-24,0.0001,5.340576171874997e-06
Global Bloom,16.0,175.0,14.073840799771336,0.21474921830351087,0.0,0.0,0.0,4.4688458047023724e-23,0.0,0.0004586385078964976
TRAPS learned,16.0,175.0,14.050092856307396,0.2143868543711805,0.0,0.0,0.0,4.363970126820841e-23,0.0,0.0003111357534620842
TRAPS+ReplayCache,16.0,175.0,14.025046428153699,0.21400467718559027,0.0,0.0,0.0,4.256025716480659e-23,0.0,0.0001555678767310421
Peppered tag,16.0,175.0,14.002456665039062,0.2136599856376648,0.0,0.0,0.0,4.160960892242245e-23,0.0,1.5258789062499998e-05
Adaptive tag,16.0,175.0,14.001666576867779,0.21364792987978123,0.0,0.0,0.0,4.1576746646358315e-23,0.0,1.0351409116635597e-05
RateLimit+Tag,16.0,175.0,13.999459832763673,0.2136142577231827,0.0,0.0,0.0,4.1485098564952146e-23,0.0001,5.340576171874997e-06
Global Bloom,16.0,200.0,16.084389485452956,0.2454276780611553,0.0,0.0,0.0,3.337071943035818e-22,0.0,0.0004586385078964976
TRAPS learned,16.0,200.0,16.057248978637023,0.2450135478527777,0.0,0.0,0.0,3.2477201306547375e-22,0.0,0.0003111357534620842
TRAPS+ReplayCache,16.0,200.0,16.028624489318513,0.24457677392638888,0.0,0.0,0.0,3.156073723804125e-22,0.0,0.0001555678767310421
Peppered tag,16.0,200.0,16.0028076171875,0.2441828407287598,0.0,0.0,0.0,3.075636557694245e-22,0.0,1.5258789062499998e-05
Adaptive tag,16.0,200.0,16.00190465927746,0.24416906271974997,0.0,0.0,0.0,3.072860640792728e-22,0.0,1.0351409116635597e-05
RateLimit+Tag,16.0,200.0,15.999382666015627,0.24413058025506598,0.0,0.0,0.0,3.0651206711402353e-22,0.0001,5.340576171874997e-06
Global Bloom,16.0,225.0,18.094938171134572,0.27610613781879967,0.0,0.0,0.0,2.4919296032274613e-21,0.0,0.0004586385078964976
TRAPS learned,16.0,225.0,18.064405100966653,0.2756402413343749,0.0,0.0,0.0,2.416993182935491e-21,0.0,0.0003111357534620842
TRAPS+ReplayCache,16.0,225.0,18.032202550483326,0.27514887066718746,0.0,0.0,0.0,2.3403997094085775e-21,0.0,0.0001555678767310421
Peppered tag,16.0,225.0,18.003158569335938,0.27470569581985477,0.0,0.0,0.0,2.2734028220889563e-21,0.0,1.5258789062499998e-05
Adaptive tag,16.0,225.0,18.002142741687145,0.27469019555971874,0.0,0.0,0.0,2.2710946092171504e-21,0.0,1.0351409116635597e-05
RateLimit+Tag,16.0,225.0,17.99930549926758,0.27464690278694925,0.0,0.0,0.0,2.2646600957068267e-21,0.0001,5.340576171874997e-06
Global Bloom,16.0,250.0,20.105486856816192,0.3067845975764441,0.0,0.0,0.0,1.860826872612248e-20,0.0,0.0004586385078964976
TRAPS learned,16.0,250.0,20.07156122329628,0.3062669348159721,0.0,0.0,0.0,1.7987559923086353e-20,0.0,0.0003111357534620842
TRAPS+ReplayCache,16.0,250.0,20.035780611648143,0.3057209674079861,0.0,0.0,0.0,1.7355332223347454e-20,0.0,0.0001555678767310421
Peppered tag,16.0,250.0,20.003509521484375,0.30522855091094975,0.0,0.0,0.0,1.6804197422327e-20,0.0,1.5258789062499998e-05
Adaptive tag,16.0,250.0,20.002380824096825,0.30521132839968745,0.0,0.0,0.0,1.6785241268489647e-20,0.0,1.0351409116635597e-05
RateLimit+Tag,16.0,250.0,19.999228332519532,0.30516322531883244,0.0,0.0,0.0,1.6732409256758564e-20,0.0001,5.340576171874997e-06
Global Bloom,16.0,275.0,22.116035542497812,0.3374630573340885,0.0,0.0,0.0,1.389556368426756e-19,0.0,0.0004586385078964976
TRAPS learned,16.0,275.0,22.078717345625908,0.33689362829756936,0.0,0.0,0.0,1.3386562869559318e-19,0.0,0.0003111357534620842
TRAPS+ReplayCache,16.0,275.0,22.039358672812956,0.3362930641487847,0.0,0.0,0.0,1.2869919414700147e-19,0.0,0.0001555678767310421
Peppered tag,16.0,275.0,22.003860473632812,0.33575140600204467,0.0,0.0,0.0,1.242107418293211e-19,0.0,1.5258789062499998e-05
Adaptive tag,16.0,275.0,22.00261890650651,0.3357324612396562,0.0,0.0,0.0,1.2405662155066613e-19,0.0,1.0351409116635597e-05
RateLimit+Tag,16.0,275.0,21.999151165771487,0.3356795478507157,0.0,0.0,0.0,1.2362717039365445e-19,0.0001,5.340576171874997e-06
Global Bloom,16.0,300.0,24.126584228179432,0.36814151709173293,0.0,0.0,3.7390229479428516,1.0376391965603893e-18,0.0,0.0004586385078964976
TRAPS learned,16.0,300.0,24.085873467955533,0.3675203217791665,0.0,0.0,3.5058681218267673,9.962444390840858e-19,0.0,0.0003111357534620842
TRAPS+ReplayCache,16.0,300.0,24.04293673397777,0.3668651608895833,0.0,0.0,3.2598858532040724,9.543742730436175e-19,0.0,0.0001555678767310421
Peppered tag,16.0,300.0,24.00421142578125,0.36627426109313965,0.0,0.0,3.037959412057552,9.181222999255737e-19,0.0,1.5258789062499998e-05
Adaptive tag,16.0,300.0,24.00285698891619,0.36625359407962493,0.0,0.0,3.030196183708976,9.168796030031624e-19,0.0,1.0351409116635597e-05
RateLimit+Tag,16.0,300.0,23.99907399902344,0.36619587038259893,0.0,0.0,3.008512765552851,9.13417609204621e-19,0.0001,5.340576171874997e-06
Global Bloom,16.0,325.0,26.137132913861052,0.39881997684937737,0.0,0.0,15.197849619643643,7.74848093033833e-18,0.0,0.0004586385078964976
TRAPS learned,16.0,325.0,26.093029590285163,0.39814701526076374,0.0,0.0,14.946968272249755,7.414173392207217e-18,0.0,0.0003111357534620842
TRAPS+ReplayCache,16.0,325.0,26.046514795142585,0.39743725763038196,0.0,0.0,14.682377915088423,7.077202457127853e-18,0.0,0.0001555678767310421
Peppered tag,16.0,325.0,26.004562377929688,0.39679711618423463,0.0,0.0,14.443745426019298,6.786438477107935e-18,0.0,1.5258789062499998e-05
Adaptive tag,16.0,325.0,26.003095071325873,0.3967747269195937,0.0,0.0,14.435399211239622,6.776487993104814e-18,0.0,1.0351409116635597e-05
RateLimit+Tag,16.0,325.0,25.998996832275395,0.39671219291448223,0.0,0.0,14.412087961826268,6.748773155192397e-18,0.0001,5.340576171874997e-06
Global Bloom,16.0,350.0,28.147681599542672,0.42949843660702175,0.0,0.0,26.677140862632125,5.786111099776922e-17,0.0,0.0004586385078964976
TRAPS learned,16.0,350.0,28.100185712614792,0.428773708742361,0.0,0.0,26.404276386449915,5.517718838185038e-17,0.0,0.0003111357534620842
TRAPS+ReplayCache,16.0,350.0,28.050092856307398,0.42800935437118054,0.0,0.0,26.116617278498243,5.2481291704818846e-17,0.0,0.0001555678767310421
Peppered tag,16.0,350.0,28.004913330078125,0.4273199712753296,0.0,0.0,25.857280687709366,5.016297633474813e-17,0.0,1.5258789062499998e-05
Adaptive tag,16.0,350.0,28.003333153735557,0.42729585975956247,0.0,0.0,25.848212081228958,5.0083772580700893e-17,0.0,1.0351409116635597e-05
RateLimit+Tag,16.0,350.0,27.998919665527346,0.4272285154463654,0.0,0.0,25.8228837898119,4.986321551202125e-17,0.0001,5.340576171874997e-06
Global Bloom,16.0,375.0,30.15823028522429,0.46017689636466613,0.0,0.0,38.36841463886356,4.3207284059870383e-16,0.0,0.0004586385078964976
TRAPS learned,16.0,375.0,30.107341834944418,0.45940040222395817,0.0,0.0,38.06829782933168,4.1063540824742765e-16,0.0,0.0003111357534620842
TRAPS+ReplayCache,16.0,375.0,30.05367091747221,0.4585814511119791,0.0,0.0,37.752051964486604,3.8917722019274293e-16,0.0,0.0001555678767310421
Peppered tag,16.0,375.0,30.005264282226562,0.4578428263664246,0.0,0.0,37.467068843353765,3.707871519425962e-16,0.0,1.5258789062499998e-05
Adaptive tag,16.0,375.0,30.003571236145238,0.4578169925995312,0.0,0.0,37.45710556783418,3.701599233212968e-16,0.0,1.0351409116635597e-05
RateLimit+Tag,16.0,375.0,29.9988424987793,0.45774483797824866,0.0,0.0,37.429279267156616,3.6841366630990204e-16,0.0001,5.340576171874997e-06
Global Bloom,16.0,400.0,32.16877897090591,0.4908553561223106,0.0,2.237124872904722,50.47098344660572,3.2264665569631127e-15,0.0,0.0004586385078964976
TRAPS learned,16.0,400.0,32.11449795727405,0.4900270957055554,0.0,1.981480865663958,50.137001560102064,3.055999108537317e-15,0.0,0.0003111357534620842
TRAPS+ReplayCache,16.0,400.0,32.05724897863703,0.48915354785277776,0.0,1.7120744153212364,49.785249129817224,2.885960002067647e-15,0.0,0.0001555678767310421
Peppered tag,16.0,400.0,32.005615234375,0.4883656814575196,0.0,1.469279214933184,49.46842598114998,2.7407287623495083e-15,0.0,1.5258789062499998e-05
Adaptive tag,16.0,400.0,32.00380931855492,0.48833812543949995,0.0,1.4607904998252823,49.45735222811179,2.7357837034430487e-15,0.0,1.0351409116635597e-05
RateLimit+Tag,16.0,400.0,31.998765332031255,0.48826116051013196,0.0,1.4370823464276707,49.42642544736315,2.722019190502922e-15,0.0001,5.340576171874997e-06
Global Bloom,16.0,425.0,34.17932765658753,0.5215338158799551,0.0,11.877729041094536,63.20426278875922,2.4093359880654883e-14,0.0,0.0004586385078964976
TRAPS learned,16.0,425.0,34.12165407960367,0.5206537891871525,0.0,11.595692142978468,62.827996044389906,2.2743120451399557e-14,0.0,0.0003111357534620842
TRAPS+ReplayCache,16.0,425.0,34.06082703980184,0.5197256445935764,0.0,11.298637610772811,62.43193354861661,2.140095745945616e-14,0.0,0.0001555678767310421
Peppered tag,16.0,425.0,34.00596618652344,0.5188885365486146,0.0,11.031070461726545,62.07539721748535,2.0258507096094805e-14,0.0,1.5258789062499998e-05
Adaptive tag,16.0,425.0,34.0040474009646,0.5188592582794687,0.0,11.02171814199617,62.06293875976346,2.0219672634652006e-14,0.0,1.0351409116635597e-05
RateLimit+Tag,16.0,425.0,33.998688165283205,0.5187774830420151,0.0,10.995598912686596,62.02814597967676,2.011160049430279e-14,0.0001,5.340576171874997e-06
Global Bloom,16.0,450.0,36.189876342269145,0.5522122756375993,0.0,21.979167348703673,76.82214184364248,1.7991508050377188e-13,0.0,0.0004586385078964976
TRAPS learned,16.0,450.0,36.128810201933305,0.5512804826687498,0.0,21.663610389716915,76.39270016145691,1.6925709383287153e-13,0.0,0.0003111357534620842
TRAPS+ReplayCache,16.0,450.0,36.06440510096665,0.5502977413343749,0.0,21.33146223429396,75.9409516756487,1.5869969779668256e-13,0.0,0.0001555678767310421
Peppered tag,16.0,450.0,36.006317138671875,0.5494113916397095,0.0,21.032470029099326,75.53453752637004,1.4974378909742942e-13,0.0,1.5258789062499998e-05
Adaptive tag,16.0,450.0,36.00428548337429,0.5493803911194375,0.0,21.022022468109082,75.52034047819588,1.494398701688183e-13,0.0,1.0351409116635597e-05
RateLimit+Tag,16.0,450.0,35.99861099853516,0.5492938055738985,0.0,20.99284557133153,75.48069386377473,1.485942773120978e-13,0.0001,5.340576171874997e-06
Global Bloom,16.0,475.0,38.200425027950764,0.5828907353952437,0.0,32.75484259635398,91.63152750917764,1.3435002985477803e-12,0.0,0.0004586385078964976
TRAPS learned,16.0,475.0,38.13596632426293,0.581907176150347,0.0,32.396401002073034,91.1345790942781,1.2596320664953584e-12,0.0,0.0003111357534620842
TRAPS+ReplayCache,16.0,475.0,38.06798316213147,0.5808698380751736,0.0,32.0193865555483,90.61218892885604,1.1768442663592195e-12,0.0,0.0001555678767310421
Peppered tag,16.0,475.0,38.00666809082031,0.5799342467308045,0.0,31.680245616324008,90.14254718513588,1.1068536426150524e-12,0.0,1.5258789062499998e-05
Adaptive tag,16.0,475.0,38.00452356578397,0.5799015239594062,0.0,31.668399239244152,90.1261469983215,1.1044825106515611e-12,0.0,1.0351409116635597e-05
RateLimit+Tag,16.0,475.0,37.998533831787114,0.5798101281057817,0.0,31.635317328855038,90.08034989388612,1.097886727421786e-12,0.0001,5.340576171874997e-06
Global Bloom,16.0,500.0,40.210973713632384,0.6135691951528882,0.0,44.46724322998645,108.01810521695978,1.0032472248262333e-11,0.0,0.0004586385078964976
TRAPS learned,16.0,500.0,40.14312244659256,0.6125338696319442,0.0,44.053365169841214,107.43441662594157,9.374336442938608e-12,0.0,0.0003111357534620842
TRAPS+ReplayCache,16.0,500.0,40.071561223296285,0.6114419348159722,0.0,43.618401180118724,106.82133774694235,8.726938025029564e-12,0.0,0.0001555678767310421
Peppered tag,16.0,500.0,40.00701904296875,0.6104571018218995,0.0,43.22744609710828,106.27059451853275,8.181474460841203e-12,0.0,1.5258789062499998e-05
Adaptive tag,16.0,500.0,40.00476164819365,0.6104226567993749,0.0,43.213795189923076,106.25136956371541,8.163026473170162e-12,0.0,1.0351409116635597e-05
RateLimit+Tag,16.0,500.0,39.998456665039065,0.6103264506376649,0.0,43.17567590815538,106.19768699035676,8.111720639936011e-12,0.0001,5.340576171874997e-06
Global Bloom,16.0,525.0,42.221522399314004,0.6442476549105326,0.0,57.45299083696128,126.48418932471203,7.491661856789258e-11,0.0,0.0004586385078964976
TRAPS learned,16.0,525.0,42.15027856892218,0.6431605631135414,0.0,56.96646742749126,125.78736615054312,6.976496239088931e-11,0.0,0.0003111357534620842
TRAPS+ReplayCache,16.0,525.0,42.075139284461095,0.6420140315567707,0.0,56.45564096664184,125.05612509496972,6.47149750139153e-11,0.0,0.0001555678767310421
Peppered tag,16.0,525.0,42.00736999511719,0.6409799569129945,0.0,55.99692129143984,124.39981750635228,6.047459372790482e-11,0.0,1.5258789062499998e-05
Adaptive tag,16.0,525.0,42.00499973060333,0.6409437896393436,0.0,55.98091147138006,124.376917549889,6.033142268804898e-11,0.0,1.0351409116635597e-05
RateLimit+Tag,16.0,525.0,41.99837949829102,0.6408427731695482,0.0,55.93620765116825,124.31297668649381,5.993333382842265e-11,0.0001,5.340576171874997e-06
Global Bloom,16.0,550.0,44.232071084995624,0.674926114668177,0.0,72.16109412298412,147.7070295379005,5.594333678440243e-10,0.0,0.0004586385078964976
TRAPS learned,16.0,550.0,44.157434691251815,0.6737872565951387,0.0,71.57770682558828,146.85989994296438,5.191994128894858e-10,0.0,0.0003111357534620842
TRAPS+ReplayCache,16.0,550.0,44.07871734562591,0.6725861282975694,0.0,70.96584880439767,145.9718667799382,4.798966119663172e-10,0.0,0.0001555678767310421
Peppered tag,16.0,550.0,44.007720947265625,0.6715028120040893,0.0,70.41698765446043,145.17565117963966,4.4700701616308923e-10,0.0,1.5258789062499998e-05
Adaptive tag,16.0,550.0,44.00523781301302,0.6714649224793124,0.0,70.39784176917985,145.14788347456647,4.458984147028604e-10,0.0,1.0351409116635597e-05
RateLimit+Tag,16.0,550.0,43.99830233154297,0.6713590957014314,0.0,70.34438475037594,145.07035594002127,4.4281659381917027e-10,0.0001,5.340576171874997e-06
Global Bloom,16.0,575.0,46.242619770677244,0.7056045744258215,0.0,89.21433089444024,172.63278312907244,4.177520275740753e-09,0.0,0.0004586385078964976
TRAPS learned,16.0,575.0,46.16459081358144,0.7044139500767359,0.0,88.4989339390316,171.58137559258472,3.863945755957119e-09,0.0,0.0003111357534620842
TRAPS+ReplayCache,16.0,575.0,46.08229540679073,0.7031582250383681,0.0,87.74958832371188,170.48056764603962,3.558693457383391e-09,0.0,0.0001555678767310421
Peppered tag,16.0,575.0,46.00807189941406,0.7020256670951843,0.0,87.0782335767254,169.49476424548803,3.3041193033567657e-09,0.0,1.5258789062499998e-05
Adaptive tag,16.0,575.0,46.0054758954227,0.7019860553192812,0.0,87.05482904368804,169.46040497290966,3.2955529204503225e-09,0.0,1.0351409116635597e-05
RateLimit+Tag,16.0,575.0,45.998225164794924,0.7018754182333146,0.0,86.98948659566985,169.36448097158856,3.271744173667516e-09,0.0001,5.340576171874997e-06
Global Bloom,16.0,600.0,48.253168456358864,0.7362830341834659,0.0,109.51281648673077,202.63542113340586,3.11952712464781e-08,0.0,0.0004586385078964976
TRAPS learned,16.0,600.0,48.17174693591107,0.735040643558333,0.0,108.61249921503648,201.29845330309485,2.875595856684255e-08,0.0,0.0003111357534620842
TRAPS+ReplayCache,16.0,600.0,48.08587346795554,0.7337303217791666,0.0,107.67090826072777,199.90075174289248,2.6389640618075757e-08,0.0,0.0001555678767310421
Peppered tag,16.0,600.0,48.0084228515625,0.7325485221862793,0.0,106.82857401277197,198.65087743432355,2.4422892652834082e-08,0.0,1.5258789062499998e-05
Adaptive tag,16.0,600.0,48.00571397783238,0.7325071881592499,0.0,106.79923025075924,198.6073449337596,2.4356823647211275e-08,0.0,1.0351409116635597e-05
RateLimit+Tag,16.0,600.0,47.99814799804688,0.7323917407651979,0.0,106.71731386346602,198.4858221171907,2.4173235798608427e-08,0.0001,5.340576171874997e-06
Global Bloom,16.0,625.0,50.263717142040484,0.7669614939411102,0.0,134.41881544084208,239.80058758517575,2.3294798921563253e-07,0.0,0.0004586385078964976
TRAPS learned,16.0,625.0,50.1789030582407,0.7656673370399303,0.0,133.2502687796877,238.05004545673813,2.1400537308866616e-07,0.0,0.0003111357534620842
TRAPS+ReplayCache,16.0,625.0,50.08945152912035,0.7643024185199653,0.0,132.03045833103988,236.2233422467116,1.9569348703140393e-07,0.0,0.0001555678767310421
Peppered tag,16.0,625.0,50.00877380371094,0.7630713772773743,0.0,130.94122561639486,234.59274084553667,1.805254685948765e-07,0.0,1.5258789062499998e-05
Adaptive tag,16.0,625.0,50.005952060242066,0.7630283209992187,0.0,130.9033146976822,234.53599709207438,1.800167900506022e-07,0.0,1.0351409116635597e-05
RateLimit+Tag,16.0,625.0,49.99807083129883,0.7629080632970812,0.0,130.79749418870944,234.37761204453312,1.7860361261684105e-07,0.0001,5.340576171874997e-06
Global Bloom,16.0,650.0,52.274265827722104,0.7976399536987547,0.0,166.1091646843571,287.4671659065712,1.7395189562819675e-06,0.0,0.0004586385078964976
TRAPS learned,16.0,650.0,52.186059180570325,0.7962940305215275,0.0,164.53363422239235,285.0898005891767,1.5926542530085302e-06,0.0,0.0003111357534620842
TRAPS+ReplayCache,16.0,650.0,52.09302959028517,0.7948745152607639,0.0,162.89292316688275,282.61481329464027,1.4511732622944174e-06,0.0,0.0001555678767310421
Peppered tag,16.0,650.0,52.009124755859375,0.7935942323684693,0.0,161.43123380052623,280.41051925438063,1.3343810364583491e-06,0.0,1.5258789062499998e-05
Adaptive tag,16.0,650.0,52.00619014265175,0.7935494538391874,0.0,161.3804168901532,280.3338960794241,1.3304708844427944e-06,0.0,1.0351409116635597e-05
RateLimit+Tag,16.0,650.0,51.99799366455079,0.7934243858289645,0.0,161.23859238174475,280.1200530270505,1.3196102791345454e-06,0.0001,5.340576171874997e-06
Global Bloom,16.0,675.0,54.284814513403724,0.8283184134563991,3.655483853502981,208.3050971001745,351.3490381585651,1.2989707313864392e-05,0.0,0.0004586385078964976
TRAPS learned,16.0,675.0,54.19321530289995,0.8269207240031247,3.077083542821547,206.07406331038874,347.962863138724,1.1852728429277445e-05,0.0,0.0003111357534620842
TRAPS+ReplayCache,16.0,675.0,54.09660765144998,0.8254466120015624,2.4754386198038234,203.75809884543847,344.44864073611575,1.0761236202307858e-05,0.0,0.0001555678767310421
Peppered tag,16.0,675.0,54.00947570800781,0.8241170874595642,1.9400027786781875,201.7011380717124,341.3281796736525,9.863277266741256e-06,0.0,1.5258789062499998e-05
Adaptive tag,16.0,675.0,54.00642822506143,0.8240705866791561,1.9213971152075873,201.62973254657564,341.2198686289781,9.833264851864135e-06,0.0,1.0351409116635597e-05
RateLimit+Tag,16.0,675.0,53.99791649780274,0.8239407083608477,1.8694739436738983,201.43048524056132,340.91764617204706,9.749921982447861e-06,0.0001,5.340576171874997e-06
Global Bloom,16.0,700.0,56.295363199085344,0.8589968732140435,18.77854488578755,267.95436877412845,442.12079547779314,9.699951557901353e-05,0.0,0.0004586385078964976
TRAPS learned,16.0,700.0,56.200371425229584,0.857547417484722,17.93645363782573,264.5769122897754,436.97119474316645,8.820945974483912e-05,0.0,0.0003111357534620842
TRAPS+ReplayCache,16.0,700.0,56.100185712614795,0.8560187087423611,17.064721554267706,261.08649675041715,431.65039801735276,7.980039848499319e-05,0.0,0.0001555678767310421
Peppered tag,16.0,700.0,56.00982666015625,0.8546399425506592,16.292495317180965,257.99968024979273,426.9457523501874,7.29058910330606e-05,0.0,1.5258789062499998e-05
Adaptive tag,16.0,700.0,56.006666307471114,0.8545917195191249,16.265721714999884,257.8927471603904,426.7827901836544,7.267584640711821e-05,0.0,1.0351409116635597e-05
RateLimit+Tag,16.0,700.0,55.99783933105469,0.8544570308927308,16.191025453520318,257.5944439987868,426.3281925061015,7.20371614005348e-05,0.0001,5.340576171874997e-06
Global Bloom,16.0,725.0,58.305911884766964,0.889675332971688,41.25425446589327,359.7194829057533,582.3171250092335,0.0007243354908020768,0.0,0.0004586385078964976
TRAPS learned,16.0,725.0,58.20752754755921,0.8881741109663192,39.890351153216855,354.0802993962458,573.6896488820092,0.0006564656260289151,0.0,0.0003111357534620842
TRAPS+ReplayCache,16.0,725.0,58.10376377377961,0.8865908054831597,38.488547487442375,348.29209064289347,564.8354745455732,0.0005917632025396857,0.0,0.0001555678767310421
Peppered tag,16.0,725.0,58.01017761230469,0.8851627976417542,37.255253194581044,343.2063697858507,557.0570230762603,0.0005388948118945689,0.0,1.5258789062499998e-05
Adaptive tag,16.0,725.0,58.006904389880795,0.8851128523590936,37.212636209821994,343.03074562568304,556.7884308901205,0.0005371337730204339,0.0,1.0351409116635597e-05
RateLimit+Tag,16.0,725.0,57.99776216430665,0.8849733534246141,37.09378832480571,342.54101584783433,556.0394657940308,0.0005322455535530218,0.0001,5.340576171874997e-06
Global Bloom,16.0,750.0,60.31646057044858,0.9203537927293323,79.70518077281811,520.8381799666456,829.1769143259163,0.0054089126126419095,0.0,0.0004586385078964976
TRAPS learned,16.0,750.0,60.214683669888835,0.9188008044479163,77.09036169838535,509.78640072732475,812.2279530035609,0.004885497761851431,0.0,0.0003111357534620842
TRAPS+ReplayCache,16.0,750.0,60.10734183494442,0.9171629022239582,74.43551318787716,498.57603996867596,795.0375458117322,0.004388244852510056,0.0,0.0001555678767310421
Peppered tag,16.0,750.0,60.010528564453125,0.9156856527328492,72.12667515683684,488.83594738068103,780.1032291938407,0.003983321706543463,0.0,1.5258789062499998e-05
Adaptive tag,16.0,750.0,60.007142472290475,0.9156339851990624,72.04733668994395,488.50140733228983,779.5903108949232,0.003969856622005694,0.0,1.0351409116635597e-05
RateLimit+Tag,16.0,750.0,59.9976849975586,0.9154896759564973,71.82623783521352,487.5691743980525,778.1610165700494,0.003932488784529722,0.0001,5.340576171874997e-06
Global Bloom,16.0,775.0,62.3270092561302,0.9510322524869766,164.33984796197205,881.8441660517232,1383.3581623780287,0.04039058699001561,0.0,0.0004586385078964976
TRAPS learned,16.0,775.0,62.22183979221847,0.9494274979295136,157.41285204681898,852.1494944766005,1337.749568448136,0.036358473977439,0.0,0.0003111357534620842
TRAPS+ReplayCache,16.0,775.0,62.11091989610924,0.9477349989647569,150.56289499367168,822.8018616404166,1292.676735072333,0.03254121378777302,0.0,0.0001555678767310421
Peppered tag,16.0,775.0,62.01087951660156,0.9462085078239442,144.75013175913057,797.9123488013694,1254.453146479507,0.02944331893275783,0.0,1.5258789062499998e-05
Adaptive tag,16.0,775.0,62.00738055470016,0.9461551180390312,144.5527172038721,797.0672925574088,1253.1554081215859,0.029340477904901793,0.0,1.0351409116635597e-05
RateLimit+Tag,16.0,775.0,61.99760783081055,0.9460059984883805,144.00337241908676,794.715846103075,1249.544346655474,0.02905513806027785,0.0001,5.340576171874997e-06
Global Bloom,16.0,800.0,64.33755794181182,0.9817107122446213,528.0019302028675,2449.0483240073504,3791.802130214564,0.3016132140099773,0.0,0.0004586385078964976
TRAPS learned,16.0,800.0,64.2289959145481,0.9800541914111108,479.9025922455698,2241.404019031273,3472.64067894958,0.2705842258879945,0.0,0.0003111357534620842
TRAPS+ReplayCache,16.0,800.0,64.11449795727405,0.9783070957055555,437.1206518698153,2056.754879303383,3188.8306222753886,0.2413107359257416,0.0,0.0001555678767310421
Peppered tag,16.0,800.0,64.01123046875,0.9767313629150391,404.03515517348205,1913.9890970152787,2969.4016102916285,0.217634701297666,0.0,1.5258789062499998e-05
Adaptive tag,16.0,800.0,64.00761863710984,0.9766762508789999,402.9587151677876,1909.3447642309118,2962.2634274762827,0.21685005924800607,0.0,1.0351409116635597e-05
RateLimit+Tag,16.0,800.0,63.99753066406251,0.9765223210202639,399.97888918140575,1896.4884171482872,2942.5036884001925,0.21467347879614324,0.0001,5.340576171874997e-06
Global Bloom,16.0,825.0,66.34810662749344,1.0123891720022655,10000.0,10000.0,10000.0,1.0,0.0,0.0004586385078964976
TRAPS learned,16.0,825.0,66.23615203687773,1.010680884892708,10000.0,10000.0,10000.0,1.0,0.0,0.0003111357534620842
TRAPS+ReplayCache,16.0,825.0,66.11807601843887,1.0088791924463543,10000.0,10000.0,10000.0,1.0,0.0,0.0001555678767310421
Peppered tag,16.0,825.0,66.01158142089844,1.0072542180061341,10000.0,10000.0,10000.0,1.0,0.0,1.5258789062499998e-05
Adaptive tag,16.0,825.0,66.00785671951952,1.0071973837189685,10000.0,10000.0,10000.0,1.0,0.0,1.0351409116635597e-05
RateLimit+Tag,16.0,825.0,65.99745349731447,1.0070386435521472,10000.0,10000.0,10000.0,1.0,0.0001,5.340576171874997e-06
Global Bloom,16.0,850.0,68.35865531317506,1.0430676317599101,10000.0,10000.0,10000.0,1.0,0.0,0.0004586385078964976
TRAPS learned,16.0,850.0,68.24330815920734,1.041307578374305,10000.0,10000.0,10000.0,1.0,0.0,0.0003111357534620842
TRAPS+ReplayCache,16.0,850.0,68.12165407960369,1.0394512891871528,10000.0,10000.0,10000.0,1.0,0.0,0.0001555678767310421
Peppered tag,16.0,850.0,68.01193237304688,1.037777073097229,10000.0,10000.0,10000.0,1.0,0.0,1.5258789062499998e-05
Adaptive tag,16.0,850.0,68.0080948019292,1.0377185165589373,10000.0,10000.0,10000.0,1.0,0.0,1.0351409116635597e-05
RateLimit+Tag,16.0,850.0,67.99737633056641,1.0375549660840302,10000.0,10000.0,10000.0,1.0,0.0001,5.340576171874997e-06
Global Bloom,16.0,875.0,70.36920399885668,1.0737460915175543,10000.0,10000.0,10000.0,1.0,0.0,0.0004586385078964976
TRAPS learned,16.0,875.0,70.25046428153698,1.0719342718559024,10000.0,10000.0,10000.0,1.0,0.0,0.0003111357534620842
TRAPS+ReplayCache,16.0,875.0,70.12523214076849,1.0700233859279513,10000.0,10000.0,10000.0,1.0,0.0,0.0001555678767310421
Peppered tag,16.0,875.0,70.01228332519531,1.068299928188324,10000.0,10000.0,10000.0,1.0,0.0,1.5258789062499998e-05
Adaptive tag,16.0,875.0,70.00833288433888,1.068239649398906,10000.0,10000.0,10000.0,1.0,0.0,1.0351409116635597e-05
RateLimit+Tag,16.0,875.0,69.99729916381837,1.0680712886159136,10000.0,10000.0,10000.0,1.0,0.0001,5.340576171874997e-06
Global Bloom,16.0,900.0,72.37975268453829,1.1044245512751987,10000.0,10000.0,10000.0,1.0,0.0,0.0004586385078964976
TRAPS learned,16.0,900.0,72.25762040386661,1.1025609653374997,10000.0,10000.0,10000.0,1.0,0.0,0.0003111357534620842
TRAPS+ReplayCache,16.0,900.0,72.1288102019333,1.1005954826687498,10000.0,10000.0,10000.0,1.0,0.0,0.0001555678767310421
Peppered tag,16.0,900.0,72.01263427734375,1.098822783279419,10000.0,10000.0,10000.0,1.0,0.0,1.5258789062499998e-05
Adaptive tag,16.0,900.0,72.00857096674858,1.098760782238875,10000.0,10000.0,10000.0,1.0,0.0,1.0351409116635597e-05
RateLimit+Tag,16.0,900.0,71.99722199707033,1.098587611147797,10000.0,10000.0,10000.0,1.0,0.0001,5.340576171874997e-06
Global Bloom,16.0,925.0,74.39030137021992,1.1351030110328433,10000.0,10000.0,10000.0,1.0,0.0,0.0004586385078964976
TRAPS learned,16.0,925.0,74.26477652619623,1.1331876588190968,10000.0,10000.0,10000.0,1.0,0.0,0.0003111357534620842
TRAPS+ReplayCache,16.0,925.0,74.13238826309812,1.1311675794095486,10000.0,10000.0,10000.0,1.0,0.0,0.0001555678767310421
Peppered tag,16.0,925.0,74.01298522949219,1.129345638370514,10000.0,10000.0,10000.0,1.0,0.0,1.5258789062499998e-05
Adaptive tag,16.0,925.0,74.00880904915826,1.1292819150788436,10000.0,10000.0,10000.0,1.0,0.0,1.0351409116635597e-05
RateLimit+Tag,16.0,925.0,73.99714483032227,1.12910393367968,10000.0,10000.0,10000.0,1.0,0.0001,5.340576171874997e-06
Global Bloom,16.0,950.0,76.40085005590153,1.1657814707904874,10000.0,10000.0,10000.0,1.0,0.0,0.0004586385078964976
TRAPS learned,16.0,950.0,76.27193264852586,1.163814352300694,10000.0,10000.0,10000.0,1.0,0.0,0.0003111357534620842
TRAPS+ReplayCache,16.0,950.0,76.13596632426294,1.1617396761503471,10000.0,10000.0,10000.0,1.0,0.0,0.0001555678767310421
Peppered tag,16.0,950.0,76.01333618164062,1.159868493461609,10000.0,10000.0,10000.0,1.0,0.0,1.5258789062499998e-05
Adaptive tag,16.0,950.0,76.00904713156794,1.1598030479188124,10000.0,10000.0,10000.0,1.0,0.0,1.0351409116635597e-05
RateLimit+Tag,16.0,950.0,75.99706766357423,1.1596202562115634,10000.0,10000.0,10000.0,1.0,0.0001,5.340576171874997e-06
Global Bloom,16.0,975.0,78.41139874158316,1.196459930548132,10000.0,10000.0,10000.0,1.0,0.0,0.0004586385078964976
TRAPS learned,16.0,975.0,78.2790887708555,1.1944410457822914,10000.0,10000.0,10000.0,1.0,0.0,0.0003111357534620842
TRAPS+ReplayCache,16.0,975.0,78.13954438542775,1.1923117728911459,10000.0,10000.0,10000.0,1.0,0.0,0.0001555678767310421
Peppered tag,16.0,975.0,78.01368713378906,1.190391348552704,10000.0,10000.0,10000.0,1.0,0.0,1.5258789062499998e-05
Adaptive tag,16.0,975.0,78.00928521397762,1.190324180758781,10000.0,10000.0,10000.0,1.0,0.0,1.0351409116635597e-05
RateLimit+Tag,16.0,975.0,77.99699049682619,1.1901365787434466,10000.0,10000.0,10000.0,1.0,0.0001,5.340576171874997e-06
Global Bloom,16.0,1000.0,80.42194742726477,1.2271383903057764,10000.0,10000.0,10000.0,1.0,0.0,0.0004586385078964976
TRAPS learned,16.0,1000.0,80.28624489318511,1.2250677392638885,10000.0,10000.0,10000.0,1.0,0.0,0.0003111357534620842
TRAPS+ReplayCache,16.0,1000.0,80.14312244659257,1.2228838696319444,10000.0,10000.0,10000.0,1.0,0.0,0.0001555678767310421
Peppered tag,16.0,1000.0,80.0140380859375,1.220914203643799,10000.0,10000.0,10000.0,1.0,0.0,1.5258789062499998e-05
Adaptive tag,16.0,1000.0,80.0095232963873,1.2208453135987498,10000.0,10000.0,10000.0,1.0,0.0,1.0351409116635597e-05
RateLimit+Tag,16.0,1000.0,79.99691333007813,1.2206529012753298,10000.0,10000.0,10000.0,1.0,0.0001,5.340576171874997e-06
