seed,bits_per_key,method,raw_invalid_forward_rate,first_seen_invalid_forward_rate,backend_invocations,p95_queue_delay_ms,p99_queue_delay_ms,worker_utilization,cap_exhaustions,cap_violations,valid_rejects,memory_bits_per_key,probe_cost
0,12.0,TRAPS full,0.00104785155509506,0.00209570311019012,51024,1.4210854715202004e-14,0.0,0.21626735000000002,0,0,0,16.0,9.924883810809046
0,12.0,No learned router,0.003134028105931708,0.003134028105931708,53183,1.4210854715202004e-14,0.0,0.22541836145833333,0,0,0,12.0,8.0
0,12.0,No region allocation,0.003134028105931708,0.003134028105931708,53204,1.4210854715202004e-14,0.0,0.22550737083333333,0,0,0,12.0,8.0
0,12.0,No false-forward cap,0.000890673821830801,0.001781347643661602,50866,1.4210854715202004e-14,0.0,0.2155976604166667,3,2,0,12.0,9.924883810809046
0,12.0,No replay cache,0.00209570311019012,0.00209570311019012,52103,1.4210854715202004e-14,0.0,0.22084073645833335,0,0,0,12.0,9.924883810809046
0,12.0,Oracle allocation,0.0009911294241243273,0.0019822588482486547,51005,1.4210854715202004e-14,0.0,0.21618681770833337,0,0,0,12.0,9.505618821970675
1,12.0,TRAPS full,0.0010337951187211363,0.0020675902374422727,51032,1.4210854715202004e-14,0.0,0.21630125833333336,0,0,0,16.0,9.723353460022986
1,12.0,No learned router,0.003134028105931708,0.003134028105931708,53007,1.4210854715202004e-14,0.0,0.22467237812500002,0,0,0,12.0,8.0
1,12.0,No region allocation,0.003134028105931708,0.003134028105931708,53068,1.4210854715202004e-14,0.0,0.22493092916666668,0,0,0,12.0,8.0
1,12.0,No false-forward cap,0.0008787258509129659,0.0017574517018259317,50942,1.4210854715202004e-14,0.0,0.21591978958333335,3,2,0,12.0,9.723353460022986
1,12.0,No replay cache,0.0020675902374422727,0.0020675902374422727,52025,1.4210854715202004e-14,0.0,0.22051013020833335,0,0,0,12.0,9.723353460022986
1,12.0,Oracle allocation,0.000991722458912216,0.001983444917824432,51023,1.4210854715202004e-14,0.0,0.21626311145833335,0,0,0,12.0,9.51607380467992
2,12.0,TRAPS full,0.0010360232821241921,0.0020720465642483843,51036,1.4210854715202004e-14,0.0,0.2163182125,0,0,0,16.0,9.868520376720353
2,12.0,No learned router,0.003134028105931708,0.003134028105931708,53155,1.4210854715202004e-14,0.0,0.22529968229166666,0,0,0,12.0,8.0
2,12.0,No region allocation,0.003134028105931708,0.003134028105931708,53058,1.4210854715202004e-14,0.0,0.22488854375,0,0,0,12.0,8.0
2,12.0,No false-forward cap,0.0008806197898055633,0.0017612395796111266,50803,1.4210854715202004e-14,0.0,0.21533063229166668,3,2,0,12.0,9.868520376720353
2,12.0,No replay cache,0.0020720465642483843,0.0020720465642483843,52061,1.4210854715202004e-14,0.0,0.22066271770833334,0,0,0,12.0,9.868520376720353
2,12.0,Oracle allocation,0.0009655518848835106,0.0019311037697670212,50931,1.4210854715202004e-14,0.0,0.21587316562500003,0,0,0,12.0,9.68444165658235
3,12.0,TRAPS full,0.001010217101965002,0.002020434203930004,50991,1.4210854715202004e-14,0.0,0.21612747812500002,0,0,0,16.0,9.81852879480492
3,12.0,No learned router,0.003134028105931708,0.003134028105931708,53026,1.4210854715202004e-14,0.0,0.22475291041666667,0,0,0,12.0,8.0
3,12.0,No region allocation,0.003134028105931708,0.003134028105931708,53104,1.4210854715202004e-14,0.0,0.22508351666666668,0,0,0,12.0,8.0
3,12.0,No false-forward cap,0.0008586845366702517,0.0017173690733405034,50914,1.4210854715202004e-14,0.0,0.21580111041666666,3,2,0,12.0,9.81852879480492
3,12.0,No replay cache,0.002020434203930004,0.002020434203930004,52029,1.4210854715202004e-14,0.0,0.22052708437500002,0,0,0,12.0,9.81852879480492
3,12.0,Oracle allocation,0.0009750397644877634,0.0019500795289755268,51019,1.4210854715202004e-14,0.0,0.21624615729166666,0,0,0,12.0,9.705106681332078
4,12.0,TRAPS full,0.0009686309099179338,0.0019372618198358676,50988,1.4210854715202004e-14,0.0,0.21611476250000003,0,0,0,16.0,10.114137863607679
4,12.0,No learned router,0.003134028105931708,0.003134028105931708,53100,1.4210854715202004e-14,0.0,0.2250665625,0,0,0,12.0,8.0
4,12.0,No region allocation,0.003134028105931708,0.003134028105931708,53143,1.4210854715202004e-14,0.0,0.22524881979166667,0,0,0,12.0,8.0
4,12.0,No false-forward cap,0.0008233362734302438,0.0016466725468604875,50845,1.4210854715202004e-14,0.0,0.2155086510416667,3,2,0,12.0,10.114137863607679
4,12.0,No replay cache,0.0019372618198358676,0.0019372618198358676,51944,1.4210854715202004e-14,0.0,0.22016680833333335,0,0,0,12.0,10.114137863607679
4,12.0,Oracle allocation,0.0009346911096225006,0.0018693822192450012,50975,1.4210854715202004e-14,0.0,0.21605966145833333,0,0,0,12.0,9.874181322561814
5,12.0,TRAPS full,0.0010820215038510924,0.002164043007702185,51071,1.4210854715202004e-14,0.0,0.21646656145833335,0,0,0,16.0,9.680736572942937
5,12.0,No learned router,0.003134028105931708,0.003134028105931708,53173,1.4210854715202004e-14,0.0,0.22537597604166668,0,0,0,12.0,8.0
5,12.0,No region allocation,0.003134028105931708,0.003134028105931708,53098,1.4210854715202004e-14,0.0,0.2250580854166667,0,0,0,12.0,8.0
5,12.0,No false-forward cap,0.0009197182782734285,0.001839436556546857,50925,1.4210854715202004e-14,0.0,0.21584773437500002,3,2,0,12.0,9.680736572942937
5,12.0,No replay cache,0.002164043007702185,0.002164043007702185,52147,1.4210854715202004e-14,0.0,0.22102723229166668,0,0,0,12.0,9.680736572942937
5,12.0,Oracle allocation,0.0010229999977772598,0.0020459999955545196,51031,1.4210854715202004e-14,0.0,0.21629701979166668,0,0,0,12.0,9.596815402379061
6,12.0,TRAPS full,0.0010656771129949772,0.0021313542259899544,51090,1.4210854715202004e-14,0.0,0.21654709375,0,0,0,16.0,9.728474509284439
6,12.0,No learned router,0.003134028105931708,0.003134028105931708,53237,1.4210854715202004e-14,0.0,0.22564724270833333,0,0,0,12.0,8.0
6,12.0,No region allocation,0.003134028105931708,0.003134028105931708,53112,1.4210854715202004e-14,0.0,0.225117425,0,0,0,12.0,8.0
6,12.0,No false-forward cap,0.0009058255460457306,0.0018116510920914613,50899,1.4210854715202004e-14,0.0,0.21573753229166667,3,2,0,12.0,9.728474509284439
6,12.0,No replay cache,0.0021313542259899544,0.0021313542259899544,52096,1.4210854715202004e-14,0.0,0.2208110666666667,0,0,0,12.0,9.728474509284439
6,12.0,Oracle allocation,0.0010233462631820279,0.0020466925263640558,50970,1.4210854715202004e-14,0.0,0.21603846875000002,0,0,0,12.0,9.497999396604921
7,12.0,TRAPS full,0.0010728920798488163,0.0021457841596976327,51078,1.4210854715202004e-14,0.0,0.21649623125,0,0,0,16.0,9.689839228739528
7,12.0,No learned router,0.003134028105931708,0.003134028105931708,53106,1.4210854715202004e-14,0.0,0.22509199375000002,0,0,0,12.0,8.0
7,12.0,No region allocation,0.003134028105931708,0.003134028105931708,53053,1.4210854715202004e-14,0.0,0.2248673510416667,0,0,0,12.0,8.0
7,12.0,No false-forward cap,0.0009119582678714939,0.0018239165357429878,50924,1.4210854715202004e-14,0.0,0.21584349583333334,3,2,0,12.0,9.689839228739528
7,12.0,No replay cache,0.0021457841596976327,0.0021457841596976327,52173,1.4210854715202004e-14,0.0,0.221137434375,0,0,0,12.0,9.689839228739528
7,12.0,Oracle allocation,0.0010286280979584527,0.0020572561959169055,51064,1.4210854715202004e-14,0.0,0.2164368916666667,0,0,0,12.0,9.505908389264121
8,12.0,TRAPS full,0.0010701274566782973,0.0021402549133565946,51073,1.4210854715202004e-14,0.0,0.2164750385416667,0,0,0,16.0,9.789037778586135
8,12.0,No learned router,0.003134028105931708,0.003134028105931708,53209,1.4210854715202004e-14,0.0,0.2255285635416667,0,0,0,12.0,8.0
8,12.0,No region allocation,0.003134028105931708,0.003134028105931708,53104,1.4210854715202004e-14,0.0,0.22508351666666668,0,0,0,12.0,8.0
8,12.0,No false-forward cap,0.0009096083381765527,0.0018192166763531055,50923,1.4210854715202004e-14,0.0,0.2158392572916667,3,2,0,12.0,9.789037778586135
8,12.0,No replay cache,0.0021402549133565946,0.0021402549133565946,52158,1.4210854715202004e-14,0.0,0.22107385625,0,0,0,12.0,9.789037778586135
8,12.0,Oracle allocation,0.0009898332156545358,0.0019796664313090715,50999,1.4210854715202004e-14,0.0,0.21616138645833335,0,0,0,12.0,9.495172736191527
9,12.0,TRAPS full,0.0011172226445780229,0.0022344452891560457,51159,1.4210854715202004e-14,0.0,0.21683955312500003,0,0,0,16.0,9.859537325842549
9,12.0,No learned router,0.003134028105931708,0.003134028105931708,53235,1.4210854715202004e-14,0.0,0.22563876562500002,0,0,0,12.0,8.0
9,12.0,No region allocation,0.003134028105931708,0.003134028105931708,53178,1.4210854715202004e-14,0.0,0.22539716875000002,0,0,0,12.0,8.0
9,12.0,No false-forward cap,0.0009496392478913194,0.0018992784957826388,50969,1.4210854715202004e-14,0.0,0.21603423020833337,3,2,0,12.0,9.859537325842549
9,12.0,No replay cache,0.0022344452891560457,0.0022344452891560457,52377,1.4210854715202004e-14,0.0,0.222002096875,0,0,0,12.0,9.859537325842549
9,12.0,Oracle allocation,0.0010154768975132694,0.002030953795026539,51073,1.4210854715202004e-14,0.0,0.2164750385416667,0,0,0,12.0,9.465893160201531
10,12.0,TRAPS full,0.0009854036913041289,0.0019708073826082578,51016,1.4210854715202004e-14,0.0,0.2162334416666667,0,0,0,16.0,9.709907658785516
10,12.0,No learned router,0.003134028105931708,0.003134028105931708,53095,1.4210854715202004e-14,0.0,0.2250453697916667,0,0,0,12.0,8.0
10,12.0,No region allocation,0.003134028105931708,0.003134028105931708,53215,1.4210854715202004e-14,0.0,0.22555399479166668,0,0,0,12.0,8.0
10,12.0,No false-forward cap,0.0008375931376085095,0.001675186275217019,50833,1.4210854715202004e-14,0.0,0.2154577885416667,3,2,0,12.0,9.709907658785516
10,12.0,No replay cache,0.0019708073826082578,0.0019708073826082578,52059,1.4210854715202004e-14,0.0,0.22065424062500003,0,0,0,12.0,9.709907658785516
10,12.0,Oracle allocation,0.0009549762199293196,0.0019099524398586392,50977,1.4210854715202004e-14,0.0,0.21606813854166668,0,0,0,12.0,9.707030063627379
11,12.0,TRAPS full,0.0009781063078235265,0.001956212615647053,50996,1.4210854715202004e-14,0.0,0.21614867083333333,0,0,0,16.0,9.902486756277808
11,12.0,No learned router,0.003134028105931708,0.003134028105931708,53199,1.4210854715202004e-14,0.0,0.22548617812500002,0,0,0,12.0,8.0
11,12.0,No region allocation,0.003134028105931708,0.003134028105931708,53171,1.4210854715202004e-14,0.0,0.22536749895833336,0,0,0,12.0,8.0
11,12.0,No false-forward cap,0.0008313903616499975,0.001662780723299995,50816,1.4210854715202004e-14,0.0,0.21538573333333336,3,2,0,12.0,9.902486756277808
11,12.0,No replay cache,0.001956212615647053,0.001956212615647053,51989,1.4210854715202004e-14,0.0,0.22035754270833335,0,0,0,12.0,9.902486756277808
11,12.0,Oracle allocation,0.0009575046089387001,0.0019150092178774002,50914,1.4210854715202004e-14,0.0,0.21580111041666666,0,0,0,12.0,9.549906388534037
12,12.0,TRAPS full,0.0009902313830486749,0.0019804627660973497,50994,1.4210854715202004e-14,0.0,0.21614019375000001,0,0,0,16.0,9.98775457731876
12,12.0,No learned router,0.003134028105931708,0.003134028105931708,53157,1.4210854715202004e-14,0.0,0.225308159375,0,0,0,12.0,8.0
12,12.0,No region allocation,0.003134028105931708,0.003134028105931708,53061,1.4210854715202004e-14,0.0,0.224901259375,0,0,0,12.0,8.0
12,12.0,No false-forward cap,0.0008416966755913736,0.0016833933511827472,50869,1.4210854715202004e-14,0.0,0.2156103760416667,3,2,0,12.0,9.98775457731876
12,12.0,No replay cache,0.0019804627660973497,0.0019804627660973497,51936,1.4210854715202004e-14,0.0,0.2201329,0,0,0,12.0,9.98775457731876
12,12.0,Oracle allocation,0.0009387722166276079,0.0018775444332552159,51013,1.4210854715202004e-14,0.0,0.2162207260416667,0,0,0,12.0,9.591447013862204
13,12.0,TRAPS full,0.000981756571867008,0.001963513143734016,51009,1.4210854715202004e-14,0.0,0.21620377187500003,0,0,0,16.0,9.95968396378288
13,12.0,No learned router,0.003134028105931708,0.003134028105931708,53115,1.4210854715202004e-14,0.0,0.225130140625,0,0,0,12.0,8.0
13,12.0,No region allocation,0.003134028105931708,0.003134028105931708,53159,1.4210854715202004e-14,0.0,0.22531663645833336,0,0,0,12.0,8.0
13,12.0,No false-forward cap,0.0008344930860869569,0.0016689861721739137,50860,1.4210854715202004e-14,0.0,0.21557222916666668,3,2,0,12.0,9.95968396378288
13,12.0,No replay cache,0.001963513143734016,0.001963513143734016,51943,1.4210854715202004e-14,0.0,0.22016256979166668,0,0,0,12.0,9.95968396378288
13,12.0,Oracle allocation,0.000934970079106953,0.001869940158213906,50911,1.4210854715202004e-14,0.0,0.21578839479166667,0,0,0,12.0,9.893533409279492
14,12.0,TRAPS full,0.0009853286944227777,0.0019706573888455554,51026,1.4210854715202004e-14,0.0,0.21627582708333334,0,0,0,16.0,9.84580613381776
14,12.0,No learned router,0.003134028105931708,0.003134028105931708,53127,1.4210854715202004e-14,0.0,0.22518100312500003,0,0,0,12.0,8.0
14,12.0,No region allocation,0.003134028105931708,0.003134028105931708,53104,1.4210854715202004e-14,0.0,0.22508351666666668,0,0,0,12.0,8.0
14,12.0,No false-forward cap,0.000837529390259361,0.001675058780518722,50844,1.4210854715202004e-14,0.0,0.21550441250000002,3,2,0,12.0,9.84580613381776
14,12.0,No replay cache,0.0019706573888455554,0.0019706573888455554,52017,1.4210854715202004e-14,0.0,0.22047622187500002,0,0,0,12.0,9.84580613381776
14,12.0,Oracle allocation,0.0009599915026017993,0.0019199830052035985,50931,1.4210854715202004e-14,0.0,0.21587316562500003,0,0,0,12.0,9.780263031856231
15,12.0,TRAPS full,0.0010788831014385764,0.0021577662028771528,51052,1.4210854715202004e-14,0.0,0.2163860291666667,0,0,0,16.0,9.889483635049752
15,12.0,No learned router,0.003134028105931708,0.003134028105931708,53192,1.4210854715202004e-14,0.0,0.22545650833333336,0,0,0,12.0,8.0
15,12.0,No region allocation,0.003134028105931708,0.003134028105931708,53112,1.4210854715202004e-14,0.0,0.225117425,0,0,0,12.0,8.0
15,12.0,No false-forward cap,0.0009170506362227899,0.0018341012724455799,50890,1.4210854715202004e-14,0.0,0.21569938541666667,3,2,0,12.0,9.889483635049752
15,12.0,No replay cache,0.0021577662028771528,0.0021577662028771528,52176,1.4210854715202004e-14,0.0,0.22115015000000002,0,0,0,12.0,9.889483635049752
15,12.0,Oracle allocation,0.001007904795575462,0.002015809591150924,51021,1.4210854715202004e-14,0.0,0.216254634375,0,0,0,12.0,9.31368318781184
16,12.0,TRAPS full,0.001022852404617978,0.002045704809235956,51055,1.4210854715202004e-14,0.0,0.21639874479166668,0,0,0,16.0,9.902763022348509
16,12.0,No learned router,0.003134028105931708,0.003134028105931708,53139,1.4210854715202004e-14,0.0,0.22523186562500003,0,0,0,12.0,8.0
16,12.0,No region allocation,0.003134028105931708,0.003134028105931708,53055,1.4210854715202004e-14,0.0,0.22487582812500004,0,0,0,12.0,8.0
16,12.0,No false-forward cap,0.0008694245439252814,0.0017388490878505628,50848,1.4210854715202004e-14,0.0,0.21552136666666669,3,2,0,12.0,9.902763022348509
16,12.0,No replay cache,0.002045704809235956,0.002045704809235956,52066,1.4210854715202004e-14,0.0,0.22068391041666668,0,0,0,12.0,9.902763022348509
16,12.0,Oracle allocation,0.0009798842660243188,0.0019597685320486375,50935,1.4210854715202004e-14,0.0,0.21589011979166667,0,0,0,12.0,9.581732117837948
17,12.0,TRAPS full,0.0010232731009661117,0.0020465462019322233,51046,1.4210854715202004e-14,0.0,0.21636059791666667,0,0,0,16.0,9.978444981126469
17,12.0,No learned router,0.003134028105931708,0.003134028105931708,53228,1.4210854715202004e-14,0.0,0.22560909583333336,0,0,0,12.0,8.0
17,12.0,No region allocation,0.003134028105931708,0.003134028105931708,53160,1.4210854715202004e-14,0.0,0.22532087500000003,0,0,0,12.0,8.0
17,12.0,No false-forward cap,0.0008697821358211949,0.0017395642716423899,50873,1.4210854715202004e-14,0.0,0.21562733020833336,3,2,0,12.0,9.978444981126469
17,12.0,No replay cache,0.0020465462019322233,0.0020465462019322233,52007,1.4210854715202004e-14,0.0,0.22043383645833334,0,0,0,12.0,9.978444981126469
17,12.0,Oracle allocation,0.0009590632551243239,0.0019181265102486478,51063,1.4210854715202004e-14,0.0,0.216432653125,0,0,0,12.0,9.693991545225806
18,12.0,TRAPS full,0.0010438442412617436,0.002087688482523487,50992,1.4210854715202004e-14,0.0,0.2161317166666667,0,0,0,16.0,9.726408988354775
18,12.0,No learned router,0.003134028105931708,0.003134028105931708,53147,1.4210854715202004e-14,0.0,0.22526577395833333,0,0,0,12.0,8.0
18,12.0,No region allocation,0.003134028105931708,0.003134028105931708,53175,1.4210854715202004e-14,0.0,0.22538445312500002,0,0,0,12.0,8.0
18,12.0,No false-forward cap,0.000887267605072482,0.001774535210144964,50865,1.4210854715202004e-14,0.0,0.21559342187500002,3,2,0,12.0,9.726408988354775
18,12.0,No replay cache,0.002087688482523487,0.002087688482523487,52128,1.4210854715202004e-14,0.0,0.22094670000000002,0,0,0,12.0,9.726408988354775
18,12.0,Oracle allocation,0.001004222429579778,0.002008444859159556,51020,1.4210854715202004e-14,0.0,0.21625039583333336,0,0,0,12.0,9.449944380355172
19,12.0,TRAPS full,0.0011676224344326742,0.0023352448688653484,51184,1.4210854715202004e-14,0.0,0.2169455166666667,0,0,0,16.0,9.70885242462169
19,12.0,No learned router,0.003134028105931708,0.003134028105931708,53111,1.4210854715202004e-14,0.0,0.22511318645833334,0,0,0,12.0,8.0
19,12.0,No region allocation,0.003134028105931708,0.003134028105931708,53155,1.4210854715202004e-14,0.0,0.22529968229166666,0,0,0,12.0,8.0
19,12.0,No false-forward cap,0.000992479069267773,0.001984958138535546,50974,1.4210854715202004e-14,0.0,0.21605542291666668,3,2,0,12.0,9.70885242462169
19,12.0,No replay cache,0.0023352448688653484,0.0023352448688653484,52360,1.4210854715202004e-14,0.0,0.2219300416666667,0,0,0,12.0,9.70885242462169
19,12.0,Oracle allocation,0.0010597625796295491,0.0021195251592590982,51090,1.4210854715202004e-14,0.0,0.21654709375,0,0,0,12.0,9.309026378354
20,12.0,TRAPS full,0.0011348883736709467,0.0022697767473418935,51134,1.4210854715202004e-14,0.0,0.21673358958333336,0,0,0,16.0,9.506096481016288
20,12.0,No learned router,0.003134028105931708,0.003134028105931708,53201,1.4210854715202004e-14,0.0,0.22549465520833334,0,0,0,12.0,8.0
20,12.0,No region allocation,0.003134028105931708,0.003134028105931708,53117,1.4210854715202004e-14,0.0,0.22513861770833335,0,0,0,12.0,8.0
20,12.0,No false-forward cap,0.0009646551176203047,0.0019293102352406094,50987,1.4210854715202004e-14,0.0,0.21611052395833336,3,2,0,12.0,9.506096481016288
20,12.0,No replay cache,0.0022697767473418935,0.0022697767473418935,52306,1.4210854715202004e-14,0.0,0.22170116041666668,0,0,0,12.0,9.506096481016288
20,12.0,Oracle allocation,0.0011041060410574878,0.0022082120821149756,51102,1.4210854715202004e-14,0.0,0.21659795625000003,0,0,0,12.0,9.27215490795482
21,12.0,TRAPS full,0.0011017688473634042,0.0022035376947268084,51084,1.4210854715202004e-14,0.0,0.21652166250000002,0,0,0,16.0,9.817422680894332
21,12.0,No learned router,0.003134028105931708,0.003134028105931708,53090,1.4210854715202004e-14,0.0,0.22502417708333333,0,0,0,12.0,8.0
21,12.0,No region allocation,0.003134028105931708,0.003134028105931708,53124,1.4210854715202004e-14,0.0,0.2251682875,0,0,0,12.0,8.0
21,12.0,No false-forward cap,0.0009365035202588936,0.0018730070405177871,50972,1.4210854715202004e-14,0.0,0.21604694583333334,3,2,0,12.0,9.817422680894332
21,12.0,No replay cache,0.0022035376947268084,0.0022035376947268084,52161,1.4210854715202004e-14,0.0,0.221086571875,0,0,0,12.0,9.817422680894332
21,12.0,Oracle allocation,0.001016831095914517,0.002033662191829034,51027,1.4210854715202004e-14,0.0,0.21628006562500002,0,0,0,12.0,9.563847786390006
22,12.0,TRAPS full,0.0010631265343238074,0.0021262530686476148,51034,1.4210854715202004e-14,0.0,0.2163097354166667,0,0,0,16.0,9.587140882455381
22,12.0,No learned router,0.003134028105931708,0.003134028105931708,53076,1.4210854715202004e-14,0.0,0.22496483750000001,0,0,0,12.0,8.0
22,12.0,No region allocation,0.003134028105931708,0.003134028105931708,53107,1.4210854715202004e-14,0.0,0.22509623229166667,0,0,0,12.0,8.0
22,12.0,No false-forward cap,0.0009036575541752363,0.0018073151083504726,50900,1.4210854715202004e-14,0.0,0.21574177083333335,3,2,0,12.0,9.587140882455381
22,12.0,No replay cache,0.0021262530686476148,0.0021262530686476148,52146,1.4210854715202004e-14,0.0,0.22102299375,0,0,0,12.0,9.587140882455381
22,12.0,Oracle allocation,0.0010407537117589733,0.0020815074235179466,50998,1.4210854715202004e-14,0.0,0.21615714791666668,0,0,0,12.0,9.43942254657162
23,12.0,TRAPS full,0.0011410292547665733,0.0022820585095331466,51103,1.4210854715202004e-14,0.0,0.21660219479166667,0,0,0,16.0,9.6509955121221
23,12.0,No learned router,0.003134028105931708,0.003134028105931708,53058,1.4210854715202004e-14,0.0,0.22488854375,0,0,0,12.0,8.0
23,12.0,No region allocation,0.003134028105931708,0.003134028105931708,53216,1.4210854715202004e-14,0.0,0.22555823333333333,0,0,0,12.0,8.0
23,12.0,No false-forward cap,0.0009698748665515872,0.0019397497331031745,50912,1.4210854715202004e-14,0.0,0.21579263333333334,3,2,0,12.0,9.6509955121221
23,12.0,No replay cache,0.0022820585095331466,0.0022820585095331466,52256,1.4210854715202004e-14,0.0,0.22148923333333337,0,0,0,12.0,9.6509955121221
23,12.0,Oracle allocation,0.0010657588518230895,0.002131517703646179,51073,1.4210854715202004e-14,0.0,0.2164750385416667,0,0,0,12.0,9.33899908387006
24,12.0,TRAPS full,0.0011052956961196483,0.0022105913922392966,51161,1.4210854715202004e-14,0.0,0.21684803020833335,0,0,0,16.0,9.672759168513773
24,12.0,No learned router,0.003134028105931708,0.003134028105931708,53107,1.4210854715202004e-14,0.0,0.22509623229166667,0,0,0,12.0,8.0
24,12.0,No region allocation,0.003134028105931708,0.003134028105931708,53140,1.4210854715202004e-14,0.0,0.22523610416666667,0,0,0,12.0,8.0
24,12.0,No false-forward cap,0.000939501341701701,0.001879002683403402,50986,1.4210854715202004e-14,0.0,0.21610628541666668,3,2,0,12.0,9.672759168513773
24,12.0,No replay cache,0.0022105913922392966,0.0022105913922392966,52180,1.4210854715202004e-14,0.0,0.22116710416666666,0,0,0,12.0,9.672759168513773
24,12.0,Oracle allocation,0.0010179644043965962,0.0020359288087931924,51015,1.4210854715202004e-14,0.0,0.216229203125,0,0,0,12.0,9.559818195342949
25,12.0,TRAPS full,0.001142117396506761,0.002284234793013522,51148,1.4210854715202004e-14,0.0,0.21679292916666668,0,0,0,16.0,9.618885239167067
25,12.0,No learned router,0.003134028105931708,0.003134028105931708,53151,1.4210854715202004e-14,0.0,0.225282728125,0,0,0,12.0,8.0
25,12.0,No region allocation,0.003134028105931708,0.003134028105931708,53086,1.4210854715202004e-14,0.0,0.22500722291666667,0,0,0,12.0,8.0
25,12.0,No false-forward cap,0.0009707997870307468,0.0019415995740614937,50930,1.4210854715202004e-14,0.0,0.21586892708333336,3,2,0,12.0,9.618885239167067
25,12.0,No replay cache,0.002284234793013522,0.002284234793013522,52386,1.4210854715202004e-14,0.0,0.22204024375,0,0,0,12.0,9.618885239167067
25,12.0,Oracle allocation,0.001048518876765889,0.002097037753531778,51028,1.4210854715202004e-14,0.0,0.2162843041666667,0,0,0,12.0,9.320934338557866
26,12.0,TRAPS full,0.0010610520653937098,0.0021221041307874196,51014,1.4210854715202004e-14,0.0,0.21622496458333335,0,0,0,16.0,9.681962782754368
26,12.0,No learned router,0.003134028105931708,0.003134028105931708,53115,1.4210854715202004e-14,0.0,0.225130140625,0,0,0,12.0,8.0
26,12.0,No region allocation,0.003134028105931708,0.003134028105931708,53128,1.4210854715202004e-14,0.0,0.22518524166666667,0,0,0,12.0,8.0
26,12.0,No false-forward cap,0.0009018942555846534,0.0018037885111693067,50961,1.4210854715202004e-14,0.0,0.216000321875,3,2,0,12.0,9.681962782754368
26,12.0,No replay cache,0.0021221041307874196,0.0021221041307874196,52063,1.4210854715202004e-14,0.0,0.2206711947916667,0,0,0,12.0,9.681962782754368
26,12.0,Oracle allocation,0.001020379755852376,0.002040759511704752,51052,1.4210854715202004e-14,0.0,0.2163860291666667,0,0,0,12.0,9.5765326504781
27,12.0,TRAPS full,0.0011070712580982516,0.002214142516196503,51135,1.4210854715202004e-14,0.0,0.21673782812500003,0,0,0,16.0,9.662261630614044
27,12.0,No learned router,0.003134028105931708,0.003134028105931708,53149,1.4210854715202004e-14,0.0,0.22527425104166668,0,0,0,12.0,8.0
27,12.0,No region allocation,0.003134028105931708,0.003134028105931708,53108,1.4210854715202004e-14,0.0,0.22510047083333334,0,0,0,12.0,8.0
27,12.0,No false-forward cap,0.0009410105693835138,0.0018820211387670276,50980,1.4210854715202004e-14,0.0,0.2160808541666667,3,2,0,12.0,9.662261630614044
27,12.0,No replay cache,0.002214142516196503,0.002214142516196503,52210,1.4210854715202004e-14,0.0,0.2212942604166667,0,0,0,12.0,9.662261630614044
27,12.0,Oracle allocation,0.0010150969408784212,0.0020301938817568425,51005,1.4210854715202004e-14,0.0,0.21618681770833337,0,0,0,12.0,9.515333549772773
28,12.0,TRAPS full,0.0010804203378956994,0.0021608406757913988,51057,1.4210854715202004e-14,0.0,0.216407221875,0,0,0,16.0,9.897295702653093
28,12.0,No learned router,0.003134028105931708,0.003134028105931708,53129,1.4210854715202004e-14,0.0,0.22518948020833335,0,0,0,12.0,8.0
28,12.0,No region allocation,0.003134028105931708,0.003134028105931708,53121,1.4210854715202004e-14,0.0,0.22515557187500002,0,0,0,12.0,8.0
28,12.0,No false-forward cap,0.0009183572872113444,0.0018367145744226888,50921,1.4210854715202004e-14,0.0,0.21583078020833335,3,2,0,12.0,9.897295702653093
28,12.0,No replay cache,0.0021608406757913988,0.0021608406757913988,52099,1.4210854715202004e-14,0.0,0.2208237822916667,0,0,0,12.0,9.897295702653093
28,12.0,Oracle allocation,0.0010232281481526797,0.0020464562963053595,50981,1.4210854715202004e-14,0.0,0.21608509270833334,0,0,0,12.0,9.441325273044614
29,12.0,TRAPS full,0.0011928669898933477,0.0023857339797866955,51183,1.4210854715202004e-14,0.0,0.216941278125,0,0,0,16.0,9.730515365469044
29,12.0,No learned router,0.003134028105931708,0.003134028105931708,53172,1.4210854715202004e-14,0.0,0.2253717375,0,0,0,12.0,8.0
29,12.0,No region allocation,0.003134028105931708,0.003134028105931708,53099,1.4210854715202004e-14,0.0,0.22506232395833337,0,0,0,12.0,8.0
29,12.0,No false-forward cap,0.0010139369414093454,0.002027873882818691,51008,1.4210854715202004e-14,0.0,0.21619953333333333,3,2,0,12.0,9.730515365469044
29,12.0,No replay cache,0.0023857339797866955,0.0023857339797866955,52381,1.4210854715202004e-14,0.0,0.2220190510416667,0,0,0,12.0,9.730515365469044
29,12.0,Oracle allocation,0.0011130535792056716,0.0022261071584113432,51147,1.4210854715202004e-14,0.0,0.216788690625,0,0,0,12.0,9.097427903221806
0,16.0,TRAPS full,0.00015334421309631197,0.00030668842619262395,50128,1.4210854715202004e-14,0.0,0.2124696166666667,0,0,0,20.0,12.518945708482095
0,16.0,No learned router,0.0004586385078964973,0.0004586385078964973,50446,1.4210854715202004e-14,0.0,0.2138174729166667,0,0,0,16.0,11.0
0,16.0,No region allocation,0.0004586385078964973,0.0004586385078964973,50462,1.4210854715202004e-14,0.0,0.21388528958333333,0,0,0,16.0,11.0
0,16.0,No false-forward cap,0.00013034258113186518,0.00026068516226373037,50141,1.4210854715202004e-14,0.0,0.21252471770833334,3,2,0,16.0,12.518945708482095
0,16.0,No replay cache,0.00030668842619262395,0.00030668842619262395,50269,1.4210854715202004e-14,0.0,0.21306725104166668,0,0,0,16.0,12.518945708482095
0,16.0,Oracle allocation,0.00014504340894465535,0.0002900868178893107,50150,1.4210854715202004e-14,0.0,0.21256286458333334,0,0,0,16.0,12.408502433406422
1,16.0,TRAPS full,0.000151287172512446,0.000302574345024892,50160,1.4210854715202004e-14,0.0,0.21260525000000002,0,0,0,20.0,12.514789094136884
1,16.0,No learned router,0.0004586385078964973,0.0004586385078964973,50482,1.4210854715202004e-14,0.0,0.2139700604166667,0,0,0,16.0,11.0
1,16.0,No region allocation,0.0004586385078964973,0.0004586385078964973,50445,1.4210854715202004e-14,0.0,0.213813234375,0,0,0,16.0,11.0
1,16.0,No false-forward cap,0.0001285940966355791,0.0002571881932711582,50134,1.4210854715202004e-14,0.0,0.2124950479166667,3,2,0,16.0,12.514789094136884
1,16.0,No replay cache,0.000302574345024892,0.000302574345024892,50310,1.4210854715202004e-14,0.0,0.21324103125000002,0,0,0,16.0,12.514789094136884
1,16.0,Oracle allocation,0.0001451301945703916,0.0002902603891407832,50151,1.4210854715202004e-14,0.0,0.21256710312500002,0,0,0,16.0,12.405324826698434
2,16.0,TRAPS full,0.00015161324538224337,0.00030322649076448675,50144,1.4210854715202004e-14,0.0,0.21253743333333333,0,0,0,20.0,12.651235079712261
2,16.0,No learned router,0.0004586385078964973,0.0004586385078964973,50391,1.4210854715202004e-14,0.0,0.21358435312500001,0,0,0,16.0,11.0
2,16.0,No region allocation,0.0004586385078964973,0.0004586385078964973,50463,1.4210854715202004e-14,0.0,0.213889528125,0,0,0,16.0,11.0
2,16.0,No false-forward cap,0.00012887125857490687,0.00025774251714981374,50129,1.4210854715202004e-14,0.0,0.21247385520833334,3,2,0,16.0,12.651235079712261
2,16.0,No replay cache,0.00030322649076448675,0.00030322649076448675,50291,1.4210854715202004e-14,0.0,0.21316049895833333,0,0,0,16.0,12.651235079712261
2,16.0,Oracle allocation,0.00014130035239360856,0.0002826007047872171,50124,1.4210854715202004e-14,0.0,0.21245266250000003,0,0,0,16.0,12.526382986716346
3,16.0,TRAPS full,0.00014783672916647686,0.0002956734583329537,50161,1.4210854715202004e-14,0.0,0.21260948854166667,0,0,0,20.0,12.669954788041085
3,16.0,No learned router,0.0004586385078964973,0.0004586385078964973,50429,1.4210854715202004e-14,0.0,0.21374541770833336,0,0,0,16.0,11.0
3,16.0,No region allocation,0.0004586385078964973,0.0004586385078964973,50468,1.4210854715202004e-14,0.0,0.21391072083333335,0,0,0,16.0,11.0
3,16.0,No false-forward cap,0.00012566121979150534,0.0002513224395830107,50133,1.4210854715202004e-14,0.0,0.212490809375,3,2,0,16.0,12.669954788041085
3,16.0,No replay cache,0.0002956734583329537,0.0002956734583329537,50267,1.4210854715202004e-14,0.0,0.21305877395833336,0,0,0,16.0,12.669954788041085
3,16.0,Oracle allocation,0.00014268882333187504,0.00028537764666375007,50123,1.4210854715202004e-14,0.0,0.21244842395833333,0,0,0,16.0,12.325805742598893
4,16.0,TRAPS full,0.0001417509416671671,0.0002835018833343342,50142,1.4210854715202004e-14,0.0,0.21252895625,0,0,0,20.0,12.920423332417526
4,16.0,No learned router,0.0004586385078964973,0.0004586385078964973,50425,1.4210854715202004e-14,0.0,0.2137284635416667,0,0,0,16.0,11.0
4,16.0,No region allocation,0.0004586385078964973,0.0004586385078964973,50449,1.4210854715202004e-14,0.0,0.21383018854166666,0,0,0,16.0,11.0
4,16.0,No false-forward cap,0.00012048830041709203,0.00024097660083418406,50127,1.4210854715202004e-14,0.0,0.21246537812500002,3,2,0,16.0,12.920423332417526
4,16.0,No replay cache,0.0002835018833343342,0.0002835018833343342,50292,1.4210854715202004e-14,0.0,0.21316473750000003,0,0,0,16.0,12.920423332417526
4,16.0,Oracle allocation,0.00013678413893290298,0.00027356827786580596,50141,1.4210854715202004e-14,0.0,0.21252471770833334,0,0,0,16.0,12.659445553707767
5,16.0,TRAPS full,0.0001583446961113511,0.0003166893922227022,50176,1.4210854715202004e-14,0.0,0.21267306666666666,0,0,0,20.0,12.642640572492532
5,16.0,No learned router,0.0004586385078964973,0.0004586385078964973,50397,1.4210854715202004e-14,0.0,0.21360978437500003,0,0,0,16.0,11.0
5,16.0,No region allocation,0.0004586385078964973,0.0004586385078964973,50483,1.4210854715202004e-14,0.0,0.21397429895833334,0,0,0,16.0,11.0
5,16.0,No false-forward cap,0.00013459299169464844,0.0002691859833892969,50143,1.4210854715202004e-14,0.0,0.21253319479166669,3,2,0,16.0,12.642640572492532
5,16.0,No replay cache,0.0003166893922227022,0.0003166893922227022,50369,1.4210854715202004e-14,0.0,0.21349110520833334,0,0,0,16.0,12.642640572492532
5,16.0,Oracle allocation,0.00014970739785985404,0.0002994147957197081,50124,1.4210854715202004e-14,0.0,0.21245266250000003,0,0,0,16.0,12.264874765902029
6,16.0,TRAPS full,0.0001559528327389268,0.0003119056654778536,50169,1.4210854715202004e-14,0.0,0.212643396875,0,0,0,20.0,12.588375919535668
6,16.0,No learned router,0.0004586385078964973,0.0004586385078964973,50445,1.4210854715202004e-14,0.0,0.213813234375,0,0,0,16.0,11.0
6,16.0,No region allocation,0.0004586385078964973,0.0004586385078964973,50489,1.4210854715202004e-14,0.0,0.21399973020833335,0,0,0,16.0,11.0
6,16.0,No false-forward cap,0.00013255990782808777,0.00026511981565617554,50156,1.4210854715202004e-14,0.0,0.21258829583333336,3,2,0,16.0,12.588375919535668
6,16.0,No replay cache,0.0003119056654778536,0.0003119056654778536,50324,1.4210854715202004e-14,0.0,0.21330037083333336,0,0,0,16.0,12.588375919535668
6,16.0,Oracle allocation,0.00014975807087337233,0.00029951614174674466,50150,1.4210854715202004e-14,0.0,0.21256286458333334,0,0,0,16.0,12.169840488942445
7,16.0,TRAPS full,0.0001570086821188684,0.0003140173642377368,50136,1.4210854715202004e-14,0.0,0.212503525,0,0,0,20.0,12.446204375949154
7,16.0,No learned router,0.0004586385078964973,0.0004586385078964973,50413,1.4210854715202004e-14,0.0,0.21367760104166666,0,0,0,16.0,11.0
7,16.0,No region allocation,0.0004586385078964973,0.0004586385078964973,50484,1.4210854715202004e-14,0.0,0.2139785375,0,0,0,16.0,11.0
7,16.0,No false-forward cap,0.00013345737980103813,0.00026691475960207627,50128,1.4210854715202004e-14,0.0,0.2124696166666667,3,2,0,16.0,12.446204375949154
7,16.0,No replay cache,0.0003140173642377368,0.0003140173642377368,50336,1.4210854715202004e-14,0.0,0.21335123333333336,0,0,0,16.0,12.446204375949154
7,16.0,Oracle allocation,0.0001505310227228566,0.0003010620454457132,50136,1.4210854715202004e-14,0.0,0.212503525,0,0,0,16.0,12.262104077416124
8,16.0,TRAPS full,0.00015660410289910232,0.00031320820579820464,50163,1.4210854715202004e-14,0.0,0.21261796562500002,0,0,0,20.0,12.448569286423439
8,16.0,No learned router,0.0004586385078964973,0.0004586385078964973,50432,1.4210854715202004e-14,0.0,0.21375813333333335,0,0,0,16.0,11.0
8,16.0,No region allocation,0.0004586385078964973,0.0004586385078964973,50419,1.4210854715202004e-14,0.0,0.21370303229166668,0,0,0,16.0,11.0
8,16.0,No false-forward cap,0.00013311348746423697,0.00026622697492847394,50140,1.4210854715202004e-14,0.0,0.21252047916666666,3,2,0,16.0,12.448569286423439
8,16.0,No replay cache,0.00031320820579820464,0.00031320820579820464,50334,1.4210854715202004e-14,0.0,0.21334275625000002,0,0,0,16.0,12.448569286423439
8,16.0,Oracle allocation,0.00014485371979752146,0.0002897074395950429,50146,1.4210854715202004e-14,0.0,0.21254591041666668,0,0,0,16.0,12.387070322410825
9,16.0,TRAPS full,0.00016349608535023424,0.0003269921707004685,50145,1.4210854715202004e-14,0.0,0.21254167187500003,0,0,0,20.0,12.49277100493098
9,16.0,No learned router,0.0004586385078964973,0.0004586385078964973,50452,1.4210854715202004e-14,0.0,0.21384290416666668,0,0,0,16.0,11.0
9,16.0,No region allocation,0.0004586385078964973,0.0004586385078964973,50470,1.4210854715202004e-14,0.0,0.21391919791666666,0,0,0,16.0,11.0
9,16.0,No false-forward cap,0.0001389716725476991,0.0002779433450953982,50137,1.4210854715202004e-14,0.0,0.21250776354166667,3,2,0,16.0,12.49277100493098
9,16.0,No replay cache,0.0003269921707004685,0.0003269921707004685,50313,1.4210854715202004e-14,0.0,0.213253746875,0,0,0,16.0,12.49277100493098
9,16.0,Oracle allocation,0.0001486064557613125,0.000297212911522625,50145,1.4210854715202004e-14,0.0,0.21254167187500003,0,0,0,16.0,12.13040419586829
10,16.0,TRAPS full,0.0001442054963706425,0.000288410992741285,50161,1.4210854715202004e-14,0.0,0.21260948854166667,0,0,0,20.0,12.646168177853433
10,16.0,No learned router,0.0004586385078964973,0.0004586385078964973,50496,1.4210854715202004e-14,0.0,0.21402940000000004,0,0,0,16.0,11.0
10,16.0,No region allocation,0.0004586385078964973,0.0004586385078964973,50457,1.4210854715202004e-14,0.0,0.21386409687500002,0,0,0,16.0,11.0
10,16.0,No false-forward cap,0.00012257467191504614,0.0002451493438300923,50127,1.4210854715202004e-14,0.0,0.21246537812500002,3,2,0,16.0,12.646168177853433
10,16.0,No replay cache,0.000288410992741285,0.000288410992741285,50307,1.4210854715202004e-14,0.0,0.21322831562500003,0,0,0,16.0,12.646168177853433
10,16.0,Oracle allocation,0.00013975269326910243,0.00027950538653820486,50130,1.4210854715202004e-14,0.0,0.21247809375,0,0,0,16.0,12.627997993492901
11,16.0,TRAPS full,0.00014313758601439594,0.0002862751720287919,50137,1.4210854715202004e-14,0.0,0.21250776354166667,0,0,0,20.0,12.630424383140472
11,16.0,No learned router,0.0004586385078964973,0.0004586385078964973,50481,1.4210854715202004e-14,0.0,0.21396582187500002,0,0,0,16.0,11.0
11,16.0,No region allocation,0.0004586385078964973,0.0004586385078964973,50452,1.4210854715202004e-14,0.0,0.21384290416666668,0,0,0,16.0,11.0
11,16.0,No false-forward cap,0.00012166694811223654,0.0002433338962244731,50113,1.4210854715202004e-14,0.0,0.2124060385416667,3,2,0,16.0,12.630424383140472
11,16.0,No replay cache,0.0002862751720287919,0.0002862751720287919,50295,1.4210854715202004e-14,0.0,0.213177453125,0,0,0,16.0,12.630424383140472
11,16.0,Oracle allocation,0.00014012270161728858,0.00028024540323457717,50165,1.4210854715202004e-14,0.0,0.21262644270833334,0,0,0,16.0,12.391837483569407
12,16.0,TRAPS full,0.00014491198822823376,0.00028982397645646753,50158,1.4210854715202004e-14,0.0,0.21259677291666668,0,0,0,20.0,12.56900073811834
12,16.0,No learned router,0.0004586385078964973,0.0004586385078964973,50430,1.4210854715202004e-14,0.0,0.21374965625,0,0,0,16.0,11.0
12,16.0,No region allocation,0.0004586385078964973,0.0004586385078964973,50444,1.4210854715202004e-14,0.0,0.21380899583333335,0,0,0,16.0,11.0
12,16.0,No false-forward cap,0.0001231751899939987,0.0002463503799879974,50116,1.4210854715202004e-14,0.0,0.2124187541666667,3,2,0,16.0,12.56900073811834
12,16.0,No replay cache,0.00028982397645646753,0.00028982397645646753,50267,1.4210854715202004e-14,0.0,0.21305877395833336,0,0,0,16.0,12.56900073811834
12,16.0,Oracle allocation,0.00013738137442796628,0.00027476274885593257,50129,1.4210854715202004e-14,0.0,0.21247385520833334,0,0,0,16.0,12.428605416562435
13,16.0,TRAPS full,0.00014367177128579218,0.00028734354257158436,50154,1.4210854715202004e-14,0.0,0.21257981875,0,0,0,20.0,12.824089905986366
13,16.0,No learned router,0.0004586385078964973,0.0004586385078964973,50494,1.4210854715202004e-14,0.0,0.2140209229166667,0,0,0,16.0,11.0
13,16.0,No region allocation,0.0004586385078964973,0.0004586385078964973,50469,1.4210854715202004e-14,0.0,0.21391495937500002,0,0,0,16.0,11.0
13,16.0,No false-forward cap,0.00012212100559292336,0.0002442420111858467,50115,1.4210854715202004e-14,0.0,0.212414515625,3,2,0,16.0,12.824089905986366
13,16.0,No replay cache,0.00028734354257158436,0.00028734354257158436,50286,1.4210854715202004e-14,0.0,0.21313930625000002,0,0,0,16.0,12.824089905986366
13,16.0,Oracle allocation,0.00013682496375762472,0.00027364992751524944,50134,1.4210854715202004e-14,0.0,0.2124950479166667,0,0,0,16.0,12.578982451027901
14,16.0,TRAPS full,0.00014419452121132765,0.0002883890424226553,50155,1.4210854715202004e-14,0.0,0.21258405729166666,0,0,0,20.0,12.756498513638217
14,16.0,No learned router,0.0004586385078964973,0.0004586385078964973,50450,1.4210854715202004e-14,0.0,0.21383442708333336,0,0,0,16.0,11.0
14,16.0,No region allocation,0.0004586385078964973,0.0004586385078964973,50478,1.4210854715202004e-14,0.0,0.21395310625000002,0,0,0,16.0,11.0
14,16.0,No false-forward cap,0.0001225653430296285,0.000245130686059257,50143,1.4210854715202004e-14,0.0,0.21253319479166669,3,2,0,16.0,12.756498513638217
14,16.0,No replay cache,0.0002883890424226553,0.0002883890424226553,50329,1.4210854715202004e-14,0.0,0.21332156354166668,0,0,0,16.0,12.756498513638217
14,16.0,Oracle allocation,0.00014048663747248476,0.0002809732749449695,50144,1.4210854715202004e-14,0.0,0.21253743333333333,0,0,0,16.0,12.369686628716153
15,16.0,TRAPS full,0.00015788541746068074,0.0003157708349213615,50156,1.4210854715202004e-14,0.0,0.21258829583333336,0,0,0,20.0,12.584170697158264
15,16.0,No learned router,0.0004586385078964973,0.0004586385078964973,50467,1.4210854715202004e-14,0.0,0.21390648229166667,0,0,0,16.0,11.0
15,16.0,No region allocation,0.0004586385078964973,0.0004586385078964973,50519,1.4210854715202004e-14,0.0,0.21412688645833336,0,0,0,16.0,11.0
15,16.0,No false-forward cap,0.00013420260484157864,0.0002684052096831573,50113,1.4210854715202004e-14,0.0,0.2124060385416667,3,2,0,16.0,12.584170697158264
15,16.0,No replay cache,0.0003157708349213615,0.0003157708349213615,50306,1.4210854715202004e-14,0.0,0.21322407708333335,0,0,0,16.0,12.584170697158264
15,16.0,Oracle allocation,0.0001474983426822297,0.0002949966853644594,50161,1.4210854715202004e-14,0.0,0.21260948854166667,0,0,0,16.0,12.264296075833622
16,16.0,TRAPS full,0.00014968579884923233,0.00029937159769846466,50150,1.4210854715202004e-14,0.0,0.21256286458333334,0,0,0,20.0,12.53234934626509
16,16.0,No learned router,0.0004586385078964973,0.0004586385078964973,50484,1.4210854715202004e-14,0.0,0.2139785375,0,0,0,16.0,11.0
16,16.0,No region allocation,0.0004586385078964973,0.0004586385078964973,50454,1.4210854715202004e-14,0.0,0.21385138125000003,0,0,0,16.0,11.0
16,16.0,No false-forward cap,0.00012723292902184748,0.00025446585804369496,50138,1.4210854715202004e-14,0.0,0.21251200208333335,3,2,0,16.0,12.53234934626509
16,16.0,No replay cache,0.00029937159769846466,0.00029937159769846466,50300,1.4210854715202004e-14,0.0,0.21319864583333334,0,0,0,16.0,12.53234934626509
16,16.0,Oracle allocation,0.00014339777516036132,0.00028679555032072265,50136,1.4210854715202004e-14,0.0,0.212503525,0,0,0,16.0,12.320873827975596
17,16.0,TRAPS full,0.0001497473642018276,0.0002994947284036552,50145,1.4210854715202004e-14,0.0,0.21254167187500003,0,0,0,20.0,12.816058384388837
17,16.0,No learned router,0.0004586385078964973,0.0004586385078964973,50457,1.4210854715202004e-14,0.0,0.21386409687500002,0,0,0,16.0,11.0
17,16.0,No region allocation,0.0004586385078964973,0.0004586385078964973,50484,1.4210854715202004e-14,0.0,0.2139785375,0,0,0,16.0,11.0
17,16.0,No false-forward cap,0.00012728525957155345,0.0002545705191431069,50118,1.4210854715202004e-14,0.0,0.21242723125000001,3,2,0,16.0,12.816058384388837
17,16.0,No replay cache,0.0002994947284036552,0.0002994947284036552,50314,1.4210854715202004e-14,0.0,0.21325798541666668,0,0,0,16.0,12.816058384388837
17,16.0,Oracle allocation,0.00014035079630462082,0.00028070159260924163,50157,1.4210854715202004e-14,0.0,0.212592534375,0,0,0,16.0,12.371669926862632
18,16.0,TRAPS full,0.0001527577766078496,0.0003055155532156992,50143,1.4210854715202004e-14,0.0,0.21253319479166669,0,0,0,20.0,12.589169377192395
18,16.0,No learned router,0.0004586385078964973,0.0004586385078964973,50437,1.4210854715202004e-14,0.0,0.2137793260416667,0,0,0,16.0,11.0
18,16.0,No region allocation,0.0004586385078964973,0.0004586385078964973,50414,1.4210854715202004e-14,0.0,0.21368183958333337,0,0,0,16.0,11.0
18,16.0,No false-forward cap,0.00012984411011667215,0.0002596882202333443,50140,1.4210854715202004e-14,0.0,0.21252047916666666,3,2,0,16.0,12.589169377192395
18,16.0,No replay cache,0.0003055155532156992,0.0003055155532156992,50304,1.4210854715202004e-14,0.0,0.2132156,0,0,0,16.0,12.589169377192395
18,16.0,Oracle allocation,0.00014695945956162432,0.00029391891912324865,50154,1.4210854715202004e-14,0.0,0.21257981875,0,0,0,16.0,12.296641001924556
19,16.0,TRAPS full,0.00017087166834946926,0.0003417433366989385,50173,1.4210854715202004e-14,0.0,0.21266035104166667,0,0,0,20.0,12.555972461916744
19,16.0,No learned router,0.0004586385078964973,0.0004586385078964973,50490,1.4210854715202004e-14,0.0,0.21400396875000002,0,0,0,16.0,11.0
19,16.0,No region allocation,0.0004586385078964973,0.0004586385078964973,50420,1.4210854715202004e-14,0.0,0.21370727083333335,0,0,0,16.0,11.0
19,16.0,No false-forward cap,0.00014524091809704886,0.00029048183619409773,50142,1.4210854715202004e-14,0.0,0.21252895625,3,2,0,16.0,12.555972461916744
19,16.0,No replay cache,0.0003417433366989385,0.0003417433366989385,50354,1.4210854715202004e-14,0.0,0.21342752708333335,0,0,0,16.0,12.555972461916744
19,16.0,Oracle allocation,0.00015508729080186204,0.0003101745816037241,50172,1.4210854715202004e-14,0.0,0.21265611250000002,0,0,0,16.0,12.215383745350417
20,16.0,TRAPS full,0.0001660813153986653,0.0003321626307973306,50154,1.4210854715202004e-14,0.0,0.21257981875,0,0,0,20.0,12.0755188434913
20,16.0,No learned router,0.0004586385078964973,0.0004586385078964973,50449,1.4210854715202004e-14,0.0,0.21383018854166666,0,0,0,16.0,11.0
20,16.0,No region allocation,0.0004586385078964973,0.0004586385078964973,50491,1.4210854715202004e-14,0.0,0.21400820729166667,0,0,0,16.0,11.0
20,16.0,No false-forward cap,0.0001411691180888655,0.000282338236177731,50135,1.4210854715202004e-14,0.0,0.21249928645833335,3,2,0,16.0,12.0755188434913
20,16.0,No replay cache,0.0003321626307973306,0.0003321626307973306,50333,1.4210854715202004e-14,0.0,0.21333851770833334,0,0,0,16.0,12.0755188434913
20,16.0,Oracle allocation,0.00016157658135601587,0.00032315316271203174,50156,1.4210854715202004e-14,0.0,0.21258829583333336,0,0,0,16.0,11.943078868553606
21,16.0,TRAPS full,0.00016123455282522812,0.00032246910565045624,50165,1.4210854715202004e-14,0.0,0.21262644270833334,0,0,0,20.0,12.738585769528413
21,16.0,No learned router,0.0004586385078964973,0.0004586385078964973,50467,1.4210854715202004e-14,0.0,0.21390648229166667,0,0,0,16.0,11.0
21,16.0,No region allocation,0.0004586385078964973,0.0004586385078964973,50442,1.4210854715202004e-14,0.0,0.21380051875,0,0,0,16.0,11.0
21,16.0,No false-forward cap,0.0001370493699014439,0.0002740987398028878,50124,1.4210854715202004e-14,0.0,0.21245266250000003,3,2,0,16.0,12.738585769528413
21,16.0,No replay cache,0.00032246910565045624,0.00032246910565045624,50357,1.4210854715202004e-14,0.0,0.21344024270833337,0,0,0,16.0,12.738585769528413
21,16.0,Oracle allocation,0.00014880463124447693,0.00029760926248895386,50142,1.4210854715202004e-14,0.0,0.21252895625,0,0,0,16.0,12.254351970404766
22,16.0,TRAPS full,0.0001555795771214026,0.0003111591542428052,50140,1.4210854715202004e-14,0.0,0.21252047916666666,0,0,0,20.0,12.397891761278606
22,16.0,No learned router,0.0004586385078964973,0.0004586385078964973,50452,1.4210854715202004e-14,0.0,0.21384290416666668,0,0,0,16.0,11.0
22,16.0,No region allocation,0.0004586385078964973,0.0004586385078964973,50458,1.4210854715202004e-14,0.0,0.2138683354166667,0,0,0,16.0,11.0
22,16.0,No false-forward cap,0.0001322426405531922,0.0002644852811063844,50105,1.4210854715202004e-14,0.0,0.21237213020833334,3,2,0,16.0,12.397891761278606
22,16.0,No replay cache,0.0003111591542428052,0.0003111591542428052,50290,1.4210854715202004e-14,0.0,0.2131562604166667,0,0,0,16.0,12.397891761278606
22,16.0,Oracle allocation,0.00015230550375264522,0.00030461100750529043,50165,1.4210854715202004e-14,0.0,0.21262644270833334,0,0,0,16.0,12.201046123964787
23,16.0,TRAPS full,0.0001669799814117547,0.0003339599628235094,50178,1.4210854715202004e-14,0.0,0.21268154375,0,0,0,20.0,12.234404147608135
23,16.0,No learned router,0.0004586385078964973,0.0004586385078964973,50464,1.4210854715202004e-14,0.0,0.21389376666666668,0,0,0,16.0,11.0
23,16.0,No region allocation,0.0004586385078964973,0.0004586385078964973,50462,1.4210854715202004e-14,0.0,0.21388528958333333,0,0,0,16.0,11.0
23,16.0,No false-forward cap,0.0001419329841999915,0.000283865968399983,50158,1.4210854715202004e-14,0.0,0.21259677291666668,3,2,0,16.0,12.234404147608135
23,16.0,No replay cache,0.0003339599628235094,0.0003339599628235094,50333,1.4210854715202004e-14,0.0,0.21333851770833334,0,0,0,16.0,12.234404147608135
23,16.0,Oracle allocation,0.0001559647945251317,0.0003119295890502634,50132,1.4210854715202004e-14,0.0,0.21248657083333336,0,0,0,16.0,12.150236045755316
24,16.0,TRAPS full,0.00016175067731309689,0.00032350135462619377,50154,1.4210854715202004e-14,0.0,0.21257981875,0,0,0,20.0,12.544015235486341
24,16.0,No learned router,0.0004586385078964973,0.0004586385078964973,50468,1.4210854715202004e-14,0.0,0.21391072083333335,0,0,0,16.0,11.0
24,16.0,No region allocation,0.0004586385078964973,0.0004586385078964973,50454,1.4210854715202004e-14,0.0,0.21385138125000003,0,0,0,16.0,11.0
24,16.0,No false-forward cap,0.00013748807571613235,0.0002749761514322647,50138,1.4210854715202004e-14,0.0,0.21251200208333335,3,2,0,16.0,12.544015235486341
24,16.0,No replay cache,0.00032350135462619377,0.00032350135462619377,50318,1.4210854715202004e-14,0.0,0.21327493958333335,0,0,0,16.0,12.544015235486341
24,16.0,Oracle allocation,0.00014897048135610282,0.00029794096271220565,50135,1.4210854715202004e-14,0.0,0.21249928645833335,0,0,0,16.0,12.393250551366712
25,16.0,TRAPS full,0.00016713922175269337,0.00033427844350538674,50166,1.4210854715202004e-14,0.0,0.21263068125,0,0,0,20.0,12.36997944120057
25,16.0,No learned router,0.0004586385078964973,0.0004586385078964973,50447,1.4210854715202004e-14,0.0,0.21382171145833334,0,0,0,16.0,11.0
25,16.0,No region allocation,0.0004586385078964973,0.0004586385078964973,50469,1.4210854715202004e-14,0.0,0.21391495937500002,0,0,0,16.0,11.0
25,16.0,No false-forward cap,0.00014206833848978936,0.0002841366769795787,50142,1.4210854715202004e-14,0.0,0.21252895625,3,2,0,16.0,12.36997944120057
25,16.0,No replay cache,0.00033427844350538674,0.00033427844350538674,50335,1.4210854715202004e-14,0.0,0.2133469947916667,0,0,0,16.0,12.36997944120057
25,16.0,Oracle allocation,0.0001534418699791004,0.0003068837399582008,50147,1.4210854715202004e-14,0.0,0.21255014895833335,0,0,0,16.0,12.265518871231714
26,16.0,TRAPS full,0.0001552759961378827,0.0003105519922757654,50152,1.4210854715202004e-14,0.0,0.2125713416666667,0,0,0,20.0,12.653321827072695
26,16.0,No learned router,0.0004586385078964973,0.0004586385078964973,50461,1.4210854715202004e-14,0.0,0.2138810510416667,0,0,0,16.0,11.0
26,16.0,No region allocation,0.0004586385078964973,0.0004586385078964973,50438,1.4210854715202004e-14,0.0,0.21378356458333334,0,0,0,16.0,11.0
26,16.0,No false-forward cap,0.00013198459671720029,0.00026396919343440057,50136,1.4210854715202004e-14,0.0,0.212503525,3,2,0,16.0,12.653321827072695
26,16.0,No replay cache,0.0003105519922757654,0.0003105519922757654,50305,1.4210854715202004e-14,0.0,0.21321983854166668,0,0,0,16.0,12.653321827072695
26,16.0,Oracle allocation,0.00014932394761431152,0.00029864789522862303,50160,1.4210854715202004e-14,0.0,0.21260525000000002,0,0,0,16.0,12.274751528358793
27,16.0,TRAPS full,0.00016201051579221046,0.0003240210315844209,50162,1.4210854715202004e-14,0.0,0.21261372708333334,0,0,0,20.0,12.453622654325073
27,16.0,No learned router,0.0004586385078964973,0.0004586385078964973,50441,1.4210854715202004e-14,0.0,0.21379628020833333,0,0,0,16.0,11.0
27,16.0,No region allocation,0.0004586385078964973,0.0004586385078964973,50452,1.4210854715202004e-14,0.0,0.21384290416666668,0,0,0,16.0,11.0
27,16.0,No false-forward cap,0.00013770893842337888,0.00027541787684675777,50124,1.4210854715202004e-14,0.0,0.21245266250000003,3,2,0,16.0,12.453622654325073
27,16.0,No replay cache,0.0003240210315844209,0.0003240210315844209,50320,1.4210854715202004e-14,0.0,0.21328341666666667,0,0,0,16.0,12.453622654325073
27,16.0,Oracle allocation,0.00014855085232120857,0.00029710170464241714,50159,1.4210854715202004e-14,0.0,0.21260101145833335,0,0,0,16.0,12.291098881442107
28,16.0,TRAPS full,0.00015811037901531532,0.00031622075803063065,50161,1.4210854715202004e-14,0.0,0.21260948854166667,0,0,0,20.0,12.525285673435912
28,16.0,No learned router,0.0004586385078964973,0.0004586385078964973,50494,1.4210854715202004e-14,0.0,0.2140209229166667,0,0,0,16.0,11.0
28,16.0,No region allocation,0.0004586385078964973,0.0004586385078964973,50453,1.4210854715202004e-14,0.0,0.21384714270833335,0,0,0,16.0,11.0
28,16.0,No false-forward cap,0.00013439382216301802,0.00026878764432603603,50143,1.4210854715202004e-14,0.0,0.21253319479166669,3,2,0,16.0,12.525285673435912
28,16.0,No replay cache,0.00031622075803063065,0.00031622075803063065,50307,1.4210854715202004e-14,0.0,0.21322831562500003,0,0,0,16.0,12.525285673435912
28,16.0,Oracle allocation,0.0001497407857377612,0.0002994815714755224,50140,1.4210854715202004e-14,0.0,0.21252047916666666,0,0,0,16.0,12.307140580849856
29,16.0,TRAPS full,0.0001745659955404346,0.0003491319910808692,50186,1.4210854715202004e-14,0.0,0.21271545208333334,0,0,0,20.0,12.036514347118574
29,16.0,No learned router,0.0004586385078964973,0.0004586385078964973,50474,1.4210854715202004e-14,0.0,0.21393615208333333,0,0,0,16.0,11.0
29,16.0,No region allocation,0.0004586385078964973,0.0004586385078964973,50496,1.4210854715202004e-14,0.0,0.21402940000000004,0,0,0,16.0,11.0
29,16.0,No false-forward cap,0.0001483810962093694,0.0002967621924187388,50141,1.4210854715202004e-14,0.0,0.21252471770833334,3,2,0,16.0,12.036514347118574
29,16.0,No replay cache,0.0003491319910808692,0.0003491319910808692,50352,1.4210854715202004e-14,0.0,0.21341905,0,0,0,16.0,12.036514347118574
29,16.0,Oracle allocation,0.00016288597789201485,0.0003257719557840297,50165,1.4210854715202004e-14,0.0,0.21262644270833334,0,0,0,16.0,11.872951467380474
